step,winner,endpoint_factor,edge_factor
0,-1,0,0
1,-1,-3,-17
2,-1,-4,-34
3,-1,-1,-17
4,-1,0,-34
5,-1,2,0
6,-1,-3,-13
7,-1,2,0
8,-1,5,-17
9,-1,2,-32
10,-1,4,-34
11,-1,5,-17
12,-1,8,-2
13,-1,6,0
14,-1,8,-6
15,-1,-1,-15
0,1,0,0
1,1,-3,-17
2,1,8,30
3,1,9,47
4,1,8,30
5,1,7,47
6,1,5,13
7,1,0,-4
8,1,2,-6
9,1,5,11
10,1,-4,-36
11,1,-3,13
12,1,-6,-4
13,1,-8,-2
14,1,-6,-4
15,1,-3,13
16,1,-3,-23
0,-1,0,0
1,-1,-3,-17
2,-1,-8,-34
3,-1,-3,-17
4,-1,-2,-34
5,-1,-5,-17
6,-1,12,-8
7,-1,12,-8
8,-1,17,7
9,-1,15,7
10,-1,16,-12
0,1,0,0
1,1,-3,-17
2,1,-8,-34
3,1,-3,-17
4,1,-2,-34
5,1,-5,-17
6,1,12,-8
7,1,15,41
8,1,4,30
9,1,3,-19
10,1,4,-4
11,1,3,15
12,1,5,13
13,1,5,13
14,1,4,-36
15,1,-1,-49
16,1,-1,-51
0,-1,0,0
1,-1,-3,-17
2,-1,0,0
3,-1,-3,-17
4,-1,-2,-34
5,-1,0,0
6,-1,-1,-17
7,-1,4,-4
8,-1,1,-19
9,-1,-3,-17
10,-1,-6,-66
11,-1,-5,-17
12,-1,-6,-34
13,-1,-9,-17
14,-1,-12,-34
15,-1,-13,-17
16,-1,-8,-2
17,-1,-10,2
18,-1,-6,-4
19,-1,-9,13
0,1,0,0
1,1,3,17
2,1,4,0
3,1,-5,-13
4,1,-6,-30
5,1,-9,-9
6,1,-4,4
7,1,-3,21
8,1,-2,4
9,1,-4,6
10,1,-5,-43
0,-1,0,0
1,-1,-3,-17
2,-1,0,0
3,-1,-3,-17
4,-1,-2,-34
5,-1,-1,-17
6,-1,-4,-34
7,-1,-7,-17
8,-1,17,7
9,-1,18,26
0,1,0,0
1,1,-1,17
2,1,0,0
3,1,1,17
4,1,12,28
5,1,13,45
6,1,4,-4
7,1,3,13
8,1,4,-4
9,1,5,13
10,1,5,11
11,1,2,28
12,1,17,71
13,1,15,73
14,1,12,22
15,1,10,24
16,1,3,-23
0,-1,0,0
1,-1,-3,-17
2,-1,-4,-32
3,-1,-1,17
4,-1,6,30
5,-1,1,17
6,-1,0,-34
7,-1,-5,-47
8,-1,-6,-64
9,-1,-4,-30
10,-1,-1,-13
11,-1,10,32
12,-1,8,-2
13,-1,13,11
14,-1,20,24
15,-1,18,26
16,-1,21,7
17,-1,19,9
18,-1,17,-29
19,-1,14,-8
0,1,0,0
1,1,-3,-17
2,1,0,0
3,1,-5,-17
4,1,-8,-34
5,1,-11,-17
6,1,-21,-13
7,1,-28,-28
8,1,-26,-28
9,1,-27,-9
10,1,-32,-26
11,1,-36,-20
12,1,-43,-37
0,-1,0,0
1,-1,-1,17
2,-1,0,0
3,-1,1,17
4,-1,0,0
5,-1,-1,17
6,-1,-2,0
7,-1,2,30
8,-1,1,13
9,-1,0,30
10,-1,2,28
11,-1,3,47
0,1,0,0
1,1,-3,-17
2,1,-8,-34
3,1,-9,-17
4,1,-8,-34
5,1,-15,-49
6,1,-14,-32
7,1,-17,-13
8,1,-15,-13
9,1,-14,6
0,-1,0,0
1,-1,-3,-17
2,-1,-8,-34
3,-1,1,15
4,-1,0,-34
5,-1,1,15
6,-1,-6,-34
7,-1,-15,-11
8,-1,-14,-28
9,-1,-14,8
10,-1,-17,-43
11,-1,-16,6
12,-1,-15,-11
13,-1,-4,38
14,-1,-4,38
0,-1,0,0
1,-1,3,17
2,-1,4,0
3,-1,5,17
4,-1,4,0
5,-1,3,17
6,-1,4,0
7,-1,7,17
8,-1,-8,6
9,-1,-9,23
10,-1,-11,-11
11,-1,-9,-11
12,-1,-12,-28
13,-1,-12,4
14,-1,-12,-28
15,-1,-14,-28
16,-1,-17,-77
17,-1,-15,-43
18,-1,-12,-26
19,-1,9,15
20,-1,17,9
21,-1,20,64
22,-1,16,66
23,-1,29,80
0,-1,0,0
1,-1,-3,-17
2,-1,-8,-34
3,-1,-13,-51
4,-1,-18,-66
5,-1,-15,-49
6,-1,-16,-32
7,-1,-15,-15
8,-1,-14,0
9,-1,-15,17
10,-1,6,-2
0,1,0,0
1,1,-1,17
2,1,0,0
3,1,1,17
4,1,-2,0
5,1,-3,17
6,1,-2,0
7,1,-1,17
8,1,-8,2
9,1,-5,19
0,1,0,0
1,1,-1,17
2,1,0,0
3,1,1,17
4,1,0,0
5,1,1,17
6,1,-10,-28
7,1,-7,-13
8,1,-6,-30
9,1,-8,-28
10,1,-13,-45
11,1,-16,-26
0,-1,0,0
1,-1,-3,-17
2,-1,-8,-34
3,-1,-9,-17
4,-1,-10,-34
5,-1,-11,-17
6,-1,-10,-34
7,-1,-11,-17
8,-1,-16,-34
9,-1,-17,-17
10,-1,-22,-32
11,-1,-25,-17
12,-1,-26,0
13,-1,-23,17
14,-1,-7,19
15,-1,-4,34
16,-1,-5,51
17,-1,-4,34
18,-1,-7,51
19,-1,-4,34
20,-1,-6,36
21,-1,-2,36
22,-1,-15,-10
23,-1,-15,-12
24,-1,-14,8
25,-1,-12,6
26,-1,-14,8
0,1,0,0
1,1,-1,17
2,1,0,0
3,1,1,17
4,1,0,0
5,1,-1,17
6,1,-2,0
7,1,-1,-17
8,1,-3,-17
9,1,-4,0
10,1,-3,-17
11,1,10,28
12,1,-12,2
13,1,-3,47
14,1,23,37
15,1,18,24
16,1,21,7
17,1,21,41
18,1,23,75
19,1,14,64
20,1,12,64
21,1,15,86
0,1,0,0
1,1,3,17
2,1,0,0
3,1,-1,17
4,1,-12,-30
5,1,-7,-15
6,1,-6,-32
7,1,-9,-15
8,1,12,-6
9,1,10,-6
10,1,-7,-15
11,1,-3,21
0,-1,0,0
1,-1,-3,-17
2,-1,-8,-34
3,-1,-5,-17
4,-1,-4,-34
5,-1,-3,-17
6,-1,3,-17
7,-1,2,0
8,-1,-5,-11
9,-1,2,34
10,-1,1,-15
11,-1,4,34
12,-1,1,-15
13,-1,0,2
14,-1,1,-16
15,-1,6,2
16,-1,9,-16
17,-1,11,20
18,-1,10,-32
19,-1,18,-40
20,-1,18,-42
0,1,0,0
1,1,-1,17
2,1,0,0
3,1,1,17
4,1,0,0
5,1,-3,17
6,1,-4,0
7,1,-1,17
8,1,0,0
9,1,-2,0
10,1,-2,0
11,1,0,32
0,-1,0,0
1,-1,-3,-17
2,-1,-8,-34
3,-1,-3,-17
4,-1,-2,-34
5,-1,0,0
6,-1,5,17
7,-1,10,32
8,-1,13,15
9,-1,11,17
10,-1,0,-30
11,-1,-2,-28
12,-1,-1,-45
13,-1,4,-32
14,-1,-5,-77
0,-1,0,0
1,-1,1,-17
2,-1,0,-34
3,-1,1,-17
4,-1,-4,-34
5,-1,-6,-32
6,-1,-3,-15
7,-1,-2,2
8,-1,-7,-15
9,-1,-9,-47
10,-1,2,-38
0,-1,0,0
1,-1,3,17
2,-1,4,0
3,-1,5,17
4,-1,4,0
5,-1,6,34
6,-1,7,17
7,-1,10,-2
8,-1,7,-19
9,-1,7,-19
10,-1,-12,-60
11,-1,-14,-24
12,-1,-11,-41
13,-1,-10,8
14,-1,-8,4
0,-1,0,0
1,-1,3,17
2,-1,-4,-32
3,-1,-1,17
4,-1,-2,0
5,-1,3,17
6,-1,0,-32
7,-1,5,-49
8,-1,7,-53
0,-1,0,0
1,-1,-3,-17
2,-1,-8,-34
3,-1,-3,-17
4,-1,-2,-34
5,-1,-5,-17
6,-1,-16,-64
7,-1,-11,-49
8,-1,-8,-66
9,-1,-11,-49
10,-1,-9,-49
11,-1,-10,-32
12,-1,-31,-41
13,-1,-42,-52
14,-1,-42,-50
15,-1,-43,-36
16,-1,-48,-90
17,-1,-40,-96
18,-1,-41,-121
19,-1,-38,-70
20,-1,-10,-76
21,-1,-7,-16
22,-1,3,-26
23,-1,6,36
0,1,0,0
1,1,-3,-17
2,1,-8,-34
3,1,-3,-17
4,1,-2,-34
5,1,-5,-17
6,1,-16,-64
7,1,-11,-49
8,1,-11,-51
9,1,-14,-32
10,1,-12,-32
11,1,-3,17
12,1,-24,-24
13,1,-35,-35
14,1,-37,-69
15,1,-40,-52
0,-1,0,0
1,-1,-3,-17
2,-1,-4,-34
3,-1,-3,-17
4,-1,-2,-34
5,-1,0,0
6,-1,5,17
7,-1,10,32
8,-1,5,17
9,-1,3,17
10,-1,4,0
11,-1,19,9
12,-1,25,35
13,-1,28,50
14,-1,31,29
0,1,0,0
1,1,-1,17
2,1,0,0
3,1,1,17
4,1,-2,0
5,1,-3,17
6,1,12,26
7,1,12,58
8,1,14,58
9,1,17,75
10,1,12,60
11,1,9,79
12,1,8,64
13,1,-9,23
0,-1,0,0
1,-1,-1,17
2,-1,0,0
3,-1,3,17
4,-1,-8,-28
5,-1,-5,21
6,-1,-6,-28
7,-1,-4,6
8,-1,-5,-11
9,-1,-4,6
10,-1,-5,-15
11,-1,-4,2
12,-1,-5,-15
0,-1,0,0
1,-1,-1,17
2,-1,0,0
3,-1,1,17
4,-1,0,0
5,-1,-3,17
6,-1,-4,0
7,-1,-4,0
8,-1,-7,-17
9,-1,-8,0
10,-1,13,-25
11,-1,14,-6
12,-1,15,-25
13,-1,16,-8
14,-1,18,-10
15,-1,16,-6
0,1,0,0
1,1,-1,17
2,1,0,0
3,1,-1,-17
4,1,1,-17
5,1,2,0
6,1,1,-17
7,1,0,0
8,1,3,-17
9,1,14,26
10,1,5,-23
11,1,6,26
12,1,7,9
13,1,10,26
14,1,8,-8
15,1,11,41
16,1,0,-4
17,1,1,13
18,1,-4,-2
19,1,-5,53
20,1,-12,-2
21,1,-12,0
22,1,-12,0
23,1,-12,2
24,1,-12,42
0,1,0,0
1,1,-1,17
2,1,0,0
3,1,3,17
4,1,0,0
5,1,3,17
6,1,0,0
7,1,0,0
8,1,7,-25
9,1,10,26
10,1,9,41
11,1,11,75
12,1,12,56
13,1,17,71
14,1,16,22
15,1,21,76
16,1,2,32
17,1,1,50
18,1,2,36
19,1,0,38
0,1,0,0
1,1,3,17
2,1,4,0
3,1,5,17
4,1,4,0
5,1,6,34
6,1,-1,-13
7,1,-12,-60
8,1,-13,-41
9,1,-14,-22
10,1,-14,-22
11,1,-13,-5
0,-1,0,0
1,-1,-1,17
2,-1,0,0
3,-1,-1,17
4,-1,0,0
5,-1,0,0
6,-1,1,-19
7,-1,-8,-28
8,-1,-7,-45
9,-1,-4,-28
10,-1,-1,-13
11,-1,-3,-13
12,-1,2,0
13,-1,0,2
0,1,0,0
1,1,-1,17
2,1,0,0
3,1,1,17
4,1,0,0
5,1,-1,17
6,1,9,13
7,1,8,30
8,1,9,9
9,1,6,32
10,1,3,17
11,1,4,32
12,1,5,-21
13,1,4,0
0,-1,0,0
1,-1,3,17
2,-1,4,0
3,-1,5,17
4,-1,-2,-32
5,-1,1,17
6,-1,0,0
7,-1,0,0
8,-1,-1,-17
9,-1,-2,-32
10,-1,3,-17
0,1,0,0
1,1,3,17
2,1,-4,-32
3,1,-1,17
4,1,-2,-32
5,1,-3,-15
6,1,-1,-13
7,1,-4,8
8,1,-9,-43
9,1,-8,-26
10,1,5,-17
11,1,6,0
12,1,8,-2
13,1,7,15
14,1,11,11
15,1,12,28
16,1,13,11
17,1,11,13
18,1,14,30
19,1,12,32
20,1,10,32
21,1,15,48
22,1,16,30
23,1,14,34
0,-1,0,0
1,-1,3,17
2,-1,4,0
3,-1,5,17
4,-1,4,0
5,-1,-7,-13
6,-1,-12,-28
7,-1,-19,-41
8,-1,-20,-58
9,-1,-11,-43
10,-1,-10,-60
11,-1,-10,-26
12,-1,-11,-43
13,-1,-9,-9
14,-1,-8,-26
15,-1,-11,-9
16,-1,1,-17
17,-1,-2,2
18,-1,-3,-15
0,1,0,0
1,1,-3,-17
2,1,-4,-34
3,1,-1,-17
4,1,-4,-34
5,1,-1,-17
6,1,0,-2
7,1,-1,15
8,1,2,-2
9,1,5,17
10,1,4,30
0,-1,0,0
1,-1,3,17
2,-1,4,0
3,-1,5,17
4,-1,0,0
5,-1,2,34
6,-1,-9,-11
7,-1,0,34
8,-1,-1,-15
9,-1,1,19
10,-1,-2,-30
11,-1,-6,6
12,-1,-1,19
13,-1,-3,21
14,-1,-2,2
15,-1,-4,4
16,-1,-9,-45
17,-1,-9,-9
18,-1,-10,-26
19,-1,-15,-41
20,-1,-16,-58
0,-1,0,0
1,-1,3,17
2,-1,0,0
3,-1,-1,17
4,-1,0,0
5,-1,9,45
6,-1,0,0
7,-1,1,-49
8,-1,-4,-98
0,1,0,0
1,1,-1,17
2,1,-4,0
3,1,-7,19
4,1,-8,2
5,1,-7,19
6,1,-9,-15
7,1,-16,-28
8,1,-14,-30
9,1,-13,-11
10,1,-14,-28
11,1,-16,-26
0,1,0,0
1,1,1,-17
2,1,0,0
3,1,-5,-13
4,1,-8,-28
5,1,-5,21
6,1,4,-4
7,1,1,17
8,1,0,0
9,1,3,19
0,-1,0,0
1,-1,-3,-17
2,-1,-8,-34
3,-1,1,15
4,-1,0,-34
5,-1,3,15
6,-1,8,32
7,-1,3,17
8,-1,6,0
9,-1,5,19
10,-1,6,2
11,-1,7,19
12,-1,2,2
13,-1,11,11
14,-1,12,-4
15,-1,14,30
16,-1,15,12
17,-1,28,64
18,-1,27,46
0,1,0,0
1,1,-3,-17
2,1,-8,-34
3,1,-3,-17
4,1,-2,-34
5,1,9,13
6,1,8,-36
7,1,10,-2
8,1,13,-19
9,1,12,-2
10,1,14,-2
11,1,15,15
12,1,17,13
13,1,16,30
14,1,14,-4
15,1,19,13
16,1,24,28
17,1,32,56
18,1,26,24
19,1,25,43
20,1,24,28
21,1,6,34
22,1,5,16
23,1,4,36
24,1,14,28
25,1,13,47
26,1,12,30
27,1,11,6
28,1,8,-14
29,1,4,-8
30,1,5,-29
31,1,3,-27
32,1,4,-50
33,1,2,-46
34,1,1,-71
35,1,2,-90
36,1,-1,-116
37,1,-47,-88
38,1,-45,-88
39,1,-46,-68
40,1,-36,-74
41,1,-41,-100
42,1,-39,-102
43,1,-46,-72
0,1,0,0
1,1,-3,-17
2,1,-8,-34
3,1,-9,-17
4,1,-10,-34
5,1,-13,-17
6,1,-16,-34
7,1,-13,-17
8,1,-14,-34
9,1,-12,-34
10,1,-17,-49
11,1,-13,-15
12,1,-26,-62
13,1,-17,-45
14,1,-14,-28
15,1,-6,4
16,1,-5,-13
17,1,-13,-7
18,1,-14,10
19,1,-18,14
20,1,-25,-1
21,1,-18,48
22,1,-21,-5
23,1,-22,14
24,1,-18,10
25,1,-17,29
26,1,-16,8
27,1,-18,10
28,1,-16,8
29,1,-17,30
30,1,-15,28
31,1,-10,90
32,1,-10,90
33,1,-13,116
34,1,-10,94
35,1,9,102
36,1,8,38
37,1,-1,25
0,1,0,0
1,1,-1,17
2,1,0,0
3,1,1,17
4,1,0,0
5,1,-1,17
6,1,-2,0
7,1,2,0
8,1,-1,-15
9,1,2,0
10,1,1,-17
11,1,2,0
12,1,1,-17
13,1,0,0
14,1,-5,-17
15,1,17,7
16,1,-1,-17
17,1,-1,17
18,1,-3,-17
19,1,-7,-15
20,1,-20,-62
21,1,-21,-11
22,1,-5,-17
23,1,-7,-13
24,1,-5,-15
25,1,-1,23
26,1,0,2
0,-1,0,0
1,-1,-1,17
2,-1,0,0
3,-1,-1,17
4,-1,2,34
5,-1,5,49
6,-1,-2,2
7,-1,-3,51
8,-1,-5,17
9,-1,-2,34
10,-1,-1,17
11,-1,14,26
12,-1,11,9
13,-1,10,26
14,-1,8,-8
15,-1,7,9
16,-1,6,-8
17,-1,5,10
18,-1,4,-8
19,-1,3,11
20,-1,5,9
21,-1,5,9
22,-1,6,-10
23,-1,10,30
24,-1,13,9
0,-1,0,0
1,-1,-3,-17
2,-1,8,30
3,-1,9,47
4,-1,11,47
5,-1,10,64
6,-1,9,15
7,-1,6,-2
8,-1,11,-19
9,-1,12,-2
10,-1,12,-2
11,-1,24,24
12,-1,21,7
13,-1,20,24
14,-1,1,-17
15,-1,2,32
16,-1,0,-2
17,-1,-3,16
18,-1,-5,-20
19,-1,-3,14
20,-1,-8,-2
21,-1,-11,18
22,-1,-11,18
23,-1,-14,-2
24,-1,-11,16
25,-1,-8,36
26,-1,2,34
0,1,0,0
1,1,-3,-17
2,1,-4,-32
3,1,-3,-49
4,1,-8,-62
5,1,-10,-62
6,1,-15,-75
7,1,-16,-58
8,1,-17,-75
9,1,-15,-41
10,1,-15,-75
11,1,-12,-60
12,1,-11,-79
13,1,-9,-45
14,1,-12,-30
15,1,-14,8
0,1,0,0
1,1,3,17
2,1,0,0
3,1,-1,17
4,1,0,0
5,1,1,17
6,1,3,15
7,1,12,60
8,1,13,41
9,1,14,62
10,1,12,28
11,1,9,11
12,1,17,41
13,1,18,58
14,1,21,37
15,1,19,39
16,1,20,22
17,1,21,39
18,1,20,22
19,1,18,24
20,1,20,24
21,1,21,78
22,1,19,42
23,1,11,10
24,1,16,28
25,1,2,34
26,1,1,54
27,1,1,54
28,1,3,52
29,1,9,88
30,1,4,32
31,1,4,36
0,1,0,0
1,1,-1,17
2,1,0,0
3,1,-1,17
4,1,-6,0
5,1,-1,17
6,1,2,30
7,1,1,47
8,1,18,56
9,1,16,58
10,1,15,41
11,1,13,43
12,1,12,-8
13,1,13,41
14,1,10,-8
15,1,11,44
16,1,5,8
17,1,6,62
18,1,0,28
19,1,-1,46
20,1,1,46
21,1,4,64
22,1,1,53
23,1,-16,48
24,1,-11,64
25,1,-15,70
0,-1,0,0
1,-1,-1,17
2,-1,0,0
3,-1,9,47
4,-1,8,-2
5,-1,7,-17
6,-1,10,-36
7,-1,11,-21
8,-1,11,-25
9,-1,12,-8
0,-1,0,0
1,-1,3,17
2,-1,4,0
3,-1,3,17
4,-1,4,0
5,-1,5,17
6,-1,6,0
7,-1,12,32
8,-1,19,47
9,-1,22,62
10,-1,22,62
11,-1,21,47
12,-1,17,11
13,-1,18,-4
14,-1,23,-21
15,-1,24,-4
16,-1,26,-8
0,1,0,0
1,1,-3,-17
2,1,-8,-34
3,1,-3,-17
4,1,0,-2
5,1,-3,-17
6,1,-1,-15
7,1,-2,4
8,1,-5,-45
9,1,-7,-43
0,-1,0,0
1,-1,-3,-15
2,-1,-2,-32
3,-1,-1,17
4,-1,-6,-32
5,-1,-1,-15
6,-1,2,-32
7,-1,3,17
8,-1,0,0
9,-1,-8,4
10,-1,-7,-13
11,-1,-8,4
12,-1,-10,-30
13,-1,-1,17
14,-1,-2,-32
15,-1,-4,-30
16,-1,-5,-47
17,-1,-12,-66
18,-1,-12,-68
19,-1,-9,-50
20,-1,-9,-86
0,1,0,0
1,1,-1,17
2,1,0,0
3,1,1,17
4,1,0,0
5,1,-1,17
6,1,2,0
7,1,-5,-15
8,1,10,-4
9,1,-4,2
10,1,-3,-17
11,1,-5,-15
0,1,0,0
1,1,-1,17
2,1,4,32
3,1,3,49
4,1,2,0
5,1,7,13
6,1,-2,-34
7,1,-1,15
8,1,-1,-19
9,1,2,30
10,1,1,-19
11,1,6,-4
12,1,9,-23
13,1,-5,15
14,1,-6,-2
15,1,-1,15
16,1,-1,-21
17,1,2,30
18,1,1,11
19,1,-3,28
20,1,-1,43
0,1,0,0
1,1,-1,17
2,1,0,0
3,1,-1,17
4,1,4,32
5,1,1,17
6,1,1,17
7,1,-4,2
8,1,-2,2
9,1,-5,21
10,1,-6,4
11,1,-9,25
12,1,-7,23
13,1,-9,25
14,1,-14,10
15,1,-13,27
0,-1,0,0
1,-1,1,-17
2,-1,-2,-32
3,-1,-3,-15
4,-1,-2,-32
5,-1,-1,-15
6,-1,-4,-32
7,-1,-1,-15
8,-1,-4,-32
9,-1,-11,-47
10,-1,-1,-43
11,-1,0,6
12,-1,-3,-11
13,-1,-2,6
14,-1,2,6
15,-1,5,23
16,-1,4,6
17,-1,3,24
18,-1,0,6
19,-1,-10,46
20,-1,-12,12
21,-1,-11,70
22,-1,-13,30
23,-1,-16,52
24,-1,-14,92
25,-1,-11,118
26,-1,-9,118
27,-1,-12,102
28,-1,-10,102
29,-1,-12,106
30,-1,-10,106
31,-1,6,136
32,-1,20,84
33,-1,18,132
34,-1,17,114
35,-1,18,146
36,-1,20,144
37,-1,18,146
38,-1,17,124
39,-1,15,124
40,-1,17,122
41,-1,15,124
0,-1,0,0
1,-1,-3,-17
2,-1,-8,-34
3,-1,-3,-17
4,-1,-2,-34
5,-1,0,0
6,-1,5,17
7,-1,5,17
8,-1,-12,-26
9,-1,-11,-45
10,-1,-10,-30
11,-1,-10,-30
12,-1,-7,-15
13,-1,-9,-15
14,-1,-6,-34
15,-1,-3,-17
16,-1,-6,-34
0,-1,0,0
1,-1,-1,17
2,-1,0,0
3,-1,1,17
4,-1,-2,0
5,-1,1,17
6,-1,16,26
7,-1,14,26
8,-1,19,41
9,-1,17,39
10,-1,18,22
11,-1,7,13
12,-1,11,9
0,1,0,0
1,1,-1,17
2,1,0,0
3,1,1,17
4,1,-10,-30
5,1,-7,-15
6,1,-6,-32
7,1,-5,17
8,1,-4,-2
9,1,-6,0
10,1,-11,-49
11,1,-14,-28
12,1,-2,0
13,1,9,43
14,1,9,7
15,1,14,56
16,1,13,7
17,1,21,39
18,1,24,22
19,1,22,20
20,1,13,-28
21,1,12,-6
22,1,6,-40
23,1,6,0
24,1,6,-40
25,1,7,16
26,1,1,-26
27,1,4,36
28,1,2,-6
29,1,-10,8
30,1,-13,-13
31,1,-16,12
0,1,0,0
1,1,-1,17
2,1,0,0
3,1,-1,17
4,1,-4,0
5,1,-5,17
6,1,-4,0
7,1,-1,15
8,1,-1,15
9,1,9,43
10,1,5,45
11,1,2,62
12,1,-9,19
13,1,-6,36
14,1,-8,2
15,1,-3,51
16,1,-4,2
17,1,-1,54
18,1,-6,36
19,1,-6,38
20,1,-4,38
21,1,-7,22
22,1,-10,6
23,1,-11,28
0,-1,0,0
1,-1,-1,17
2,-1,0,0
3,-1,1,17
4,-1,0,0
5,-1,1,17
6,-1,4,0
7,-1,7,17
8,-1,8,0
9,-1,11,17
10,-1,14,0
11,-1,17,17
12,-1,-11,-11
13,-1,-35,-33
14,-1,-7,-11
15,-1,-9,-9
16,-1,-10,-58
17,-1,-8,-24
18,-1,-5,-9
19,-1,-5,-9
20,-1,-3,-11
21,-1,-2,6
22,-1,-1,22
23,-1,0,42
24,-1,1,62
25,-1,-1,64
26,-1,1,62
27,-1,-1,64
28,-1,1,64
29,-1,23,96
30,-1,28,78
31,-1,35,102
32,-1,40,82
33,-1,38,82
34,-1,36,34
35,-1,39,108
36,-1,41,100
0,-1,0,0
1,-1,-3,-17
2,-1,0,0
3,-1,-5,-17
4,-1,0,0
5,-1,1,17
6,-1,8,34
7,-1,20,62
8,-1,11,13
9,-1,6,-4
10,-1,5,-21
11,-1,6,28
12,-1,3,-21
13,-1,4,-34
14,-1,4,-34
15,-1,1,-17
16,-1,-1,-23
0,1,0,0
1,1,3,17
2,1,0,0
3,1,-1,17
4,1,-3,-17
5,1,8,28
6,1,7,-21
7,1,8,28
8,1,6,-6
9,1,7,11
10,1,2,-6
11,1,5,11
12,1,23,3
13,1,8,-4
0,-1,0,0
1,-1,-1,17
2,-1,0,0
3,-1,1,17
4,-1,0,0
5,-1,1,-17
6,-1,-8,-32
7,-1,-12,-28
8,-1,-19,-77
9,-1,-4,-32
10,-1,-5,-81
11,-1,-3,-47
12,-1,0,-32
13,-1,9,13
14,-1,14,28
15,-1,25,73
16,-1,23,39
17,-1,19,39
18,-1,22,18
19,-1,20,20
20,-1,21,4
21,-1,21,42
22,-1,18,-12
23,-1,20,-16
24,-1,19,-36
25,-1,20,24
26,-1,22,24
27,-1,20,26
28,-1,19,8
29,-1,20,76
30,-1,19,10
31,-1,31,60
32,-1,30,-12
33,-1,35,14
34,-1,29,-40
35,-1,32,40
36,-1,32,40
37,-1,32,96
38,-1,29,15
39,-1,37,65
40,-1,36,-16
41,-1,45,67
42,-1,48,94
0,-1,0,0
1,-1,-1,17
2,-1,0,0
3,-1,1,-17
4,-1,-2,-32
5,-1,3,-15
6,-1,-2,-32
7,-1,-5,-15
8,-1,-16,-58
9,-1,-7,-9
10,-1,-8,-58
11,-1,-8,-22
12,-1,-8,-58
13,-1,-5,-9
14,-1,-4,-26
15,-1,1,-11
16,-1,4,4
17,-1,4,4
18,-1,9,20
19,-1,7,20
20,-1,10,0
21,-1,13,20
22,-1,5,-14
0,1,0,0
1,1,3,17
2,1,4,0
3,1,5,17
4,1,-2,-32
5,1,-3,-15
6,1,-6,2
7,1,-3,19
8,1,-12,-32
9,1,-13,-15
10,1,-18,-66
11,1,-14,-32
12,1,-13,-49
13,1,-15,-45
0,1,0,0
1,1,-3,-17
2,1,-8,-34
3,1,-9,-17
4,1,-10,0
5,1,-17,-15
6,1,-17,-13
7,1,-16,6
0,-1,0,0
1,-1,3,17
2,-1,0,0
3,-1,1,17
4,-1,4,0
5,-1,5,17
6,-1,1,-15
7,-1,-4,6
8,-1,1,21
9,-1,-1,21
10,-1,2,2
0,-1,0,0
1,-1,-3,-17
2,-1,0,0
3,-1,-5,-17
4,-1,0,0
5,-1,-5,-17
6,-1,-5,-17
7,-1,-12,-34
8,-1,-13,-17
9,-1,-12,0
10,-1,-27,-47
11,-1,-27,-45
12,-1,-24,-62
13,-1,-24,-62
14,-1,-29,-79
15,-1,-50,-90
16,-1,-25,-111
17,-1,-22,-60
18,-1,6,-70
19,-1,9,-19
20,-1,17,7
21,-1,16,28
0,-1,0,0
1,-1,-1,17
2,-1,0,0
3,-1,1,17
4,-1,-2,0
5,-1,-1,-17
6,-1,-4,-32
7,-1,8,-4
8,-1,9,11
9,-1,4,-2
10,-1,4,-38
11,-1,5,13
12,-1,2,-36
13,-1,3,13
14,-1,4,30
0,-1,0,0
1,-1,-1,17
2,-1,0,0
3,-1,-1,17
4,-1,-2,0
5,-1,-3,17
6,-1,-12,-26
7,-1,-3,23
8,-1,-6,6
9,-1,-8,6
10,-1,5,11
11,-1,6,28
12,-1,5,11
0,1,0,0
1,1,-3,-17
2,1,-8,-34
3,1,-9,-17
4,1,-8,-34
5,1,-15,-49
6,1,-16,-34
7,1,-19,-17
8,1,-22,-34
9,1,-25,-15
10,1,-23,-15
11,1,-24,4
0,-1,0,0
1,-1,-1,17
2,-1,0,0
3,-1,1,17
4,-1,12,28
5,-1,11,9
6,-1,12,-8
0,-1,0,0
1,-1,-1,17
2,-1,0,0
3,-1,-1,17
4,-1,0,0
5,-1,-11,-7
6,-1,-10,-24
7,-1,-9,25
8,-1,-4,40
9,-1,-6,40
10,-1,-3,21
11,-1,2,72
12,-1,6,32
0,-1,0,0
1,-1,-1,17
2,-1,0,0
3,-1,1,17
4,-1,12,28
5,-1,13,45
6,-1,14,28
7,-1,13,47
8,-1,12,30
9,-1,10,30
10,-1,11,11
0,-1,0,0
1,-1,3,17
2,-1,-4,-32
3,-1,-1,17
4,-1,6,30
5,-1,5,47
6,-1,4,-2
7,-1,3,15
8,-1,6,-2
9,-1,17,45
10,-1,12,30
11,-1,9,13
12,-1,13,13
13,-1,16,30
14,-1,19,43
15,-1,17,43
16,-1,16,24
17,-1,14,26
18,-1,22,22
19,-1,23,73
0,-1,0,0
1,-1,-1,17
2,-1,0,0
3,-1,1,17
4,-1,-2,0
5,-1,-3,17
6,-1,-4,0
7,-1,-5,-17
8,-1,-3,-19
0,-1,0,0
1,-1,-3,-17
2,-1,-8,-34
3,-1,-3,-17
4,-1,-2,-34
5,-1,9,13
6,-1,6,-2
7,-1,6,30
8,-1,7,-19
9,-1,9,15
10,-1,8,-2
11,-1,9,17
12,-1,8,0
13,-1,7,17
14,-1,8,0
15,-1,4,4
16,-1,4,4
17,-1,5,21
18,-1,4,4
0,1,0,0
1,1,-3,-17
2,1,-8,-34
3,1,-13,-51
4,1,-12,-34
5,1,-17,-51
6,1,-18,-34
7,1,3,13
8,1,4,-36
9,1,7,13
10,1,6,-36
11,1,2,0
12,1,9,15
0,-1,0,0
1,-1,-1,17
2,-1,0,0
3,-1,9,47
4,-1,12,30
5,-1,13,47
6,-1,4,-2
7,-1,5,47
8,-1,7,13
9,-1,9,47
10,-1,9,45
11,-1,8,26
12,-1,15,39
13,-1,12,24
14,-1,13,7
15,-1,11,7
16,-1,14,-12
17,-1,17,39
18,-1,18,24
19,-1,-3,16
20,-1,-4,-4
21,-1,0,-6
22,-1,2,-10
23,-1,-1,-26
24,-1,1,-28
25,-1,-1,-24
0,-1,0,0
1,-1,-1,17
2,-1,0,0
3,-1,1,17
4,-1,0,0
5,-1,3,17
6,-1,4,0
7,-1,3,17
8,-1,4,0
9,-1,-2,-32
10,-1,-16,-58
11,-1,-11,-9
12,-1,-11,-43
13,-1,-12,8
14,-1,-23,-35
15,-1,-20,-20
16,-1,-19,-37
17,-1,-16,-20
18,-1,-16,-54
19,-1,-15,-6
20,-1,-19,-6
21,-1,-19,30
22,-1,-8,40
23,-1,-5,60
24,-1,-3,58
25,-1,-10,46
26,-1,-9,23
27,-1,-10,46
28,-1,1,60
29,-1,3,64
0,-1,0,0
1,-1,-3,-17
2,-1,0,0
3,-1,-5,-17
4,-1,0,0
5,-1,-5,-17
6,-1,-5,-17
7,-1,-2,0
8,-1,-1,-17
9,-1,-1,-17
10,-1,9,-19
11,-1,9,15
12,-1,-2,-32
13,-1,-5,-11
14,-1,-4,-28
15,-1,-3,-11
16,-1,2,2
17,-1,2,2
18,-1,7,17
0,-1,0,0
1,-1,-1,17
2,-1,0,0
3,-1,9,47
4,-1,12,28
5,-1,13,45
6,-1,14,28
7,-1,9,15
8,-1,8,-2
9,-1,7,15
10,-1,10,-6
0,-1,0,0
1,-1,3,17
2,-1,-4,-32
3,-1,-5,-13
4,-1,-8,-28
5,-1,-5,21
6,-1,-6,-28
7,-1,-4,6
8,-1,-7,-43
9,-1,-8,-28
10,-1,-7,-45
11,-1,-5,-13
12,-1,-4,-30
13,-1,-1,19
14,-1,-2,-32
15,-1,0,4
16,-1,-3,-16
17,-1,5,20
18,-1,14,32
0,-1,0,0
1,-1,-3,-17
2,-1,-8,-34
3,-1,1,15
4,-1,2,-2
5,-1,1,15
6,-1,2,-2
7,-1,5,15
8,-1,2,-34
9,-1,3,-17
10,-1,-6,-62
11,-1,-12,-60
12,-1,-13,-77
13,-1,-5,-45
14,-1,-1,-45
15,-1,0,-28
16,-1,0,-30
17,-1,0,-30
18,-1,5,-17
19,-1,3,-15
0,1,0,0
1,1,-3,-17
2,1,8,30
3,1,9,47
4,1,8,30
5,1,7,47
6,1,6,-2
7,1,9,11
8,1,4,-4
9,1,3,13
10,1,13,43
11,1,14,60
12,1,4,30
13,1,1,15
0,-1,0,0
1,-1,-3,-17
2,-1,-8,-34
3,-1,1,15
4,-1,0,-34
5,-1,5,-19
6,-1,8,-38
7,-1,9,-23
8,-1,11,-25
9,-1,12,-8
10,-1,14,-10
0,1,0,0
1,1,-1,17
2,1,0,0
3,1,1,17
4,1,0,0
5,1,1,17
6,1,-1,17
7,1,4,32
8,1,7,15
9,1,5,17
10,1,-4,-32
11,1,-12,-26
0,1,0,0
1,1,-1,17
2,1,0,0
3,1,1,17
4,1,0,0
5,1,1,17
6,1,-2,0
7,1,0,0
8,1,-3,-17
9,1,-2,-2
10,1,-3,-19
11,1,-2,-2
12,1,22,24
13,1,20,22
14,1,18,24
15,1,25,39
16,1,23,39
17,1,23,73
18,1,18,58
19,1,15,75
20,1,10,58
21,1,7,75
22,1,4,62
23,1,2,66
24,1,3,48
25,1,1,50
26,1,-2,32
27,1,-2,34
0,-1,0,0
1,-1,-1,17
2,-1,0,0
3,-1,1,17
4,-1,12,28
5,-1,13,45
6,-1,14,28
7,-1,13,47
8,-1,12,30
9,-1,10,30
10,-1,11,11
11,-1,10,28
12,-1,14,24
0,-1,0,0
1,-1,-1,17
2,-1,0,0
3,-1,1,17
4,-1,12,28
5,-1,13,45
6,-1,14,28
7,-1,9,11
8,-1,2,-38
9,-1,3,11
10,-1,2,-6
11,-1,3,11
12,-1,6,26
13,-1,0,32
14,-1,-1,13
0,-1,0,0
1,-1,-1,17
2,-1,0,0
3,-1,1,17
4,-1,12,28
5,-1,13,45
6,-1,14,-4
7,-1,16,30
8,-1,15,13
0,1,0,0
1,1,-1,17
2,1,0,0
3,1,-1,17
4,1,0,0
5,1,1,15
6,1,2,-2
7,1,12,26
8,1,13,9
9,1,14,26
10,1,7,-23
11,1,7,11
12,1,8,-6
13,1,9,11
14,1,7,-21
15,1,4,-6
16,1,5,-23
17,1,4,-38
0,-1,0,0
1,-1,-3,-17
2,-1,-8,-34
3,-1,1,15
4,-1,2,-2
5,-1,1,15
6,-1,2,-2
7,-1,4,30
8,-1,-7,-15
9,-1,-7,19
10,-1,-7,-15
11,-1,-12,-28
12,-1,-13,-45
13,-1,-14,-26
14,-1,-12,-28
15,-1,-7,21
16,-1,-9,-13
17,-1,-18,-58
18,-1,-21,-73
19,-1,-24,-52
0,1,0,0
1,1,-1,17
2,1,0,0
3,1,0,0
4,1,-1,17
5,1,-12,-28
6,1,-13,-45
7,1,-14,4
8,1,-16,-30
9,1,-15,-11
10,1,-20,-28
11,1,-22,-26
0,-1,0,0
1,-1,3,17
2,-1,8,32
3,-1,9,47
4,-1,12,28
5,-1,13,45
6,-1,14,28
7,-1,9,11
8,-1,12,-4
9,-1,9,13
10,-1,2,-36
11,-1,3,-17
12,-1,9,-53
13,-1,12,-36
14,-1,13,-53
15,-1,13,-17
16,-1,10,-68
0,1,0,0
1,1,-1,17
2,1,0,0
3,1,-5,-13
4,1,-6,-30
5,1,-5,19
6,1,-8,-30
7,1,-9,-11
0,-1,0,0
1,-1,-1,17
2,-1,0,0
3,-1,3,17
4,-1,-8,-28
5,-1,-5,21
6,-1,-6,-28
7,-1,-3,21
8,-1,-4,4
9,-1,13,47
10,-1,14,28
11,-1,17,43
12,-1,18,24
0,-1,0,0
1,-1,-1,17
2,-1,0,0
3,-1,1,17
4,-1,2,0
5,-1,-1,-17
6,-1,-2,-32
7,-1,-4,-30
8,-1,-9,-47
9,-1,2,0
10,-1,3,-49
11,-1,2,-32
12,-1,-3,-49
13,-1,-1,-15
14,-1,2,0
15,-1,1,17
16,-1,4,0
17,-1,-1,-16
18,-1,1,-16
19,-1,-4,4
20,-1,-11,-53
21,-1,-15,-11
22,-1,-18,-32
23,-1,-23,-12
24,-1,-26,-34
25,-1,-28,-32
26,-1,-29,-12
27,-1,-31,-10
28,-1,6,-6
0,-1,0,0
1,-1,-3,-15
2,-1,-2,-32
3,-1,-3,-15
4,-1,-2,-32
5,-1,-2,-32
6,-1,-7,-47
7,-1,-7,-47
8,-1,-2,-32
9,-1,1,-17
10,-1,3,-21
11,-1,4,-4
0,-1,0,0
1,-1,3,17
2,-1,8,32
3,-1,9,47
4,-1,12,28
5,-1,13,45
6,-1,14,-4
7,-1,16,30
8,-1,15,13
9,-1,10,0
10,-1,12,-4
11,-1,11,-23
0,1,0,0
1,1,-1,17
2,1,0,0
3,1,9,47
4,1,0,0
5,1,1,49
6,1,0,0
7,1,-1,17
8,1,-12,-32
9,1,-7,-17
10,1,-18,-62
11,1,-12,-30
12,1,-11,-81
13,1,-11,-81
0,1,0,0
1,1,-3,-17
2,1,0,0
3,1,9,47
4,1,11,47
5,1,10,64
6,1,10,64
7,1,7,47
8,1,7,47
9,1,2,30
10,1,-11,-17
11,1,-10,-34
12,1,-10,-36
13,1,-11,15
14,1,-16,-34
15,1,-8,-2
16,1,4,30
0,1,0,0
1,1,-3,-17
2,1,-8,-34
3,1,1,15
4,1,0,-34
5,1,2,0
6,1,-9,-49
7,1,-8,0
8,1,-11,-49
9,1,-16,-30
10,1,-13,-17
11,1,-10,32
12,1,-10,-2
13,1,-12,-32
0,-1,0,0
1,-1,-1,17
2,-1,0,0
3,-1,9,47
4,-1,12,28
5,-1,13,45
6,-1,14,28
7,-1,13,47
8,-1,12,30
0,1,0,0
1,1,-1,17
2,1,0,0
3,1,9,47
4,1,0,0
5,1,-1,17
6,1,0,0
7,1,9,45
8,1,9,11
9,1,10,28
10,1,8,-6
11,1,10,26
12,1,11,11
13,1,13,9
14,1,18,24
15,1,16,24
16,1,14,-10
17,1,15,9
18,1,26,18
19,1,27,35
20,1,28,18
21,1,27,38
22,1,26,22
23,1,25,44
24,1,23,4
25,1,29,42
26,1,27,6
27,1,28,68
28,1,26,26
29,1,34,66
30,1,35,4
31,1,38,72
32,1,35,52
33,1,35,102
34,1,36,32
35,1,36,32
0,1,0,0
1,1,-3,-17
2,1,0,0
3,1,9,47
4,1,10,28
5,1,8,28
6,1,5,-21
7,1,6,28
8,1,-1,-17
9,1,0,32
10,1,1,17
11,1,0,34
12,1,1,51
13,1,2,68
14,1,-4,32
15,1,-5,49
16,1,-4,32
17,1,-9,18
18,1,-10,0
19,1,-15,-15
20,1,-13,-17
21,1,-15,-15
22,1,-16,-34
23,1,-15,-13
0,1,0,0
1,1,-1,17
2,1,0,0
3,1,1,17
4,1,0,0
5,1,-13,-11
6,1,-11,-9
7,1,-16,-24
8,1,-19,-75
9,1,-20,-26
10,1,-17,-11
11,1,-8,34
12,1,-10,0
13,1,-13,-15
14,1,-11,-17
0,1,0,0
1,1,-1,17
2,1,0,0
3,1,-1,17
4,1,-2,0
5,1,3,15
6,1,5,15
7,1,13,43
8,1,4,-6
9,1,-1,-21
10,1,1,-21
11,1,-2,-2
12,1,-7,-53
13,1,-9,-51
14,1,-7,-53
0,1,0,0
1,1,-1,17
2,1,0,0
3,1,1,17
4,1,-2,0
5,1,-3,17
6,1,7,45
7,1,4,30
8,1,4,30
9,1,-1,15
0,-1,0,0
1,-1,-1,17
2,-1,0,0
3,-1,1,17
4,-1,0,0
5,-1,-1,17
6,-1,-4,0
7,-1,-2,0
8,-1,-1,17
9,-1,1,17
10,-1,17,9
0,-1,0,0
1,-1,-3,-17
2,-1,0,0
3,-1,9,47
4,-1,0,-2
5,-1,0,34
6,-1,-3,-17
7,-1,0,32
8,-1,1,15
9,-1,12,62
10,-1,12,28
11,-1,19,41
12,-1,12,-4
13,-1,12,32
14,-1,7,-17
15,-1,8,-4
16,-1,5,-53
17,-1,-19,-43
18,-1,-20,-94
19,-1,-20,-58
20,-1,-14,-60
0,1,0,0
1,1,-3,-17
2,1,-4,-34
3,1,1,-17
4,1,-8,-62
5,1,-8,-28
6,1,-7,-45
7,1,-6,4
8,1,-8,-28
9,1,-9,-11
10,1,-6,-28
11,1,-11,-45
12,1,-9,-45
13,1,-10,-28
14,1,-31,-37
15,1,-38,-52
16,1,-34,-52
17,1,-36,-50
18,1,-34,-48
19,1,-28,-14
0,-1,0,0
1,-1,3,17
2,-1,8,32
3,-1,9,47
4,-1,12,28
5,-1,13,45
6,-1,14,28
7,-1,13,45
8,-1,16,24
9,-1,14,26
10,-1,13,9
0,-1,0,0
1,-1,3,15
2,-1,2,32
3,-1,1,15
4,-1,0,-34
5,-1,-13,-45
6,-1,-14,4
7,-1,-11,21
8,-1,-16,-28
9,-1,4,2
10,-1,5,-17
11,-1,4,0
12,-1,4,-4
0,1,0,0
1,1,-3,-17
2,1,8,30
3,1,9,47
4,1,6,30
5,1,3,13
6,1,-2,-4
7,1,2,32
8,1,1,15
9,1,-1,17
10,1,0,0
11,1,-1,19
12,1,1,17
13,1,-3,21
14,1,8,28
0,1,0,0
1,1,-1,17
2,1,0,0
3,1,1,17
4,1,0,0
5,1,3,17
6,1,0,0
7,1,2,0
8,1,0,0
9,1,-3,19
10,1,2,34
11,1,3,51
12,1,-2,2
13,1,-4,6
0,1,0,0
1,1,-3,-17
2,1,0,0
3,1,9,47
4,1,4,30
5,1,7,79
6,1,7,45
7,1,2,32
8,1,-1,-17
9,1,0,32
10,1,3,47
11,1,4,64
12,1,2,32
13,1,3,51
0,-1,0,0
1,-1,-1,17
2,-1,0,0
3,-1,1,17
4,-1,-2,0
5,-1,3,15
6,-1,3,13
7,-1,8,28
8,-1,-7,-17
9,-1,-8,0
10,-1,-7,-17
0,1,0,0
1,1,-1,17
2,1,0,0
3,1,-1,17
4,1,-12,-30
5,1,-7,-15
6,1,-4,-2
7,1,-3,15
8,1,-3,-19
9,1,-4,-2
10,1,-15,-51
11,1,-16,-68
12,1,-27,-117
0,1,0,0
1,1,-1,17
2,1,0,0
3,1,1,-17
4,1,3,-17
5,1,2,0
6,1,1,-17
7,1,2,32
8,1,-11,19
9,1,-5,53
10,1,-8,2
11,1,-9,19
12,1,-12,2
13,1,-14,6
0,-1,0,0
1,-1,3,17
2,-1,8,32
3,-1,9,47
4,-1,12,28
5,-1,11,9
6,-1,16,24
7,-1,17,39
8,-1,20,20
9,-1,19,1
10,-1,30,46
11,-1,27,31
12,-1,24,46
13,-1,35,25
0,1,0,0
1,1,3,17
2,1,8,32
3,1,9,47
4,1,8,-2
5,1,7,15
6,1,7,13
7,1,6,30
8,1,-5,-17
9,1,-4,34
10,1,-4,34
11,1,-4,38
12,1,-3,21
13,1,-4,38
14,1,-7,-13
15,1,-9,-9
0,1,0,0
1,1,-3,-17
2,1,-8,-34
3,1,-13,-51
4,1,0,-4
5,1,5,47
6,1,4,-2
7,1,-1,-19
8,1,9,-23
9,1,12,28
10,1,4,-4
11,1,1,-19
12,1,3,-19
13,1,2,0
14,1,-7,-51
15,1,-9,-49
16,1,-10,-66
0,-1,0,0
1,-1,3,17
2,-1,8,32
3,-1,9,47
4,-1,4,-2
5,-1,3,15
6,-1,4,-2
7,-1,5,15
8,-1,4,-34
9,-1,14,-4
10,-1,7,-51
11,-1,8,-2
12,-1,13,13
13,-1,11,17
14,-1,14,0
0,-1,0,0
1,-1,-3,-17
2,-1,-4,-34
3,-1,-1,-17
4,-1,0,-34
5,-1,-1,-17
6,-1,-7,-45
7,-1,-5,-47
8,-1,-8,-64
9,-1,-7,-47
10,-1,-18,-92
11,-1,-17,-43
12,-1,-21,-39
13,-1,-22,12
14,-1,-25,-37
15,-1,-16,8
16,-1,-15,-9
17,-1,-4,36
18,-1,-4,36
19,-1,-6,38
0,1,0,0
1,1,3,17
2,1,0,0
3,1,-1,17
4,1,-12,-30
5,1,-7,-15
6,1,-12,-30
7,1,-1,19
8,1,0,-30
9,1,3,19
10,1,-15,-9
11,1,-18,8
12,1,-17,-9
13,1,-17,-7
0,-1,0,0
1,-1,-1,17
2,-1,0,0
3,-1,1,17
4,-1,-2,0
5,-1,-3,17
6,-1,-4,0
7,-1,-3,17
8,-1,-5,-17
9,-1,-8,0
10,-1,9,41
11,-1,7,41
12,-1,10,22
13,-1,9,3
14,-1,18,14
0,1,0,0
1,1,-1,17
2,1,0,0
3,1,-1,17
4,1,-12,-30
5,1,-7,-15
6,1,-7,-15
7,1,-12,-32
8,1,-12,-32
9,1,-11,-15
10,1,-9,-15
11,1,-16,-32
12,1,-16,-30
13,1,-23,-45
14,1,-28,-96
0,1,0,0
1,1,1,-17
2,1,0,0
3,1,3,17
4,1,-8,-28
5,1,-11,-9
6,1,-10,-26
7,1,-15,-41
8,1,-14,-22
9,1,-17,-3
10,1,-18,-18
11,1,-23,-33
12,1,-22,-14
13,1,-33,13
14,1,-36,-44
15,1,-33,-25
16,1,-52,-34
17,1,-65,-8
18,1,-68,-34
19,1,-70,-32
0,-1,0,0
1,-1,-1,17
2,-1,0,0
3,-1,-1,17
4,-1,-2,0
5,-1,3,17
6,-1,1,-17
7,-1,6,-4
8,-1,1,-17
9,-1,4,32
10,-1,4,-2
11,-1,3,15
12,-1,2,-2
13,-1,5,15
14,-1,10,30
15,-1,8,30
16,-1,9,11
17,-1,7,11
18,-1,8,28
19,-1,6,30
20,-1,9,9
21,-1,10,-6
22,-1,15,10
23,-1,16,30
24,-1,19,7
0,-1,0,0
1,-1,3,17
2,-1,8,32
3,-1,9,47
4,-1,12,28
5,-1,11,9
6,-1,16,24
7,-1,19,75
8,-1,20,26
9,-1,15,13
10,-1,14,-2
11,-1,20,-8
12,-1,23,-27
13,-1,28,-12
14,-1,30,-16
15,-1,29,-35
0,-1,0,0
1,-1,-3,-17
2,-1,-4,-34
3,-1,-1,-17
4,-1,-6,-30
5,-1,1,19
6,-1,8,-4
7,-1,3,19
8,-1,0,-2
9,-1,-3,15
10,-1,-2,-2
11,-1,7,47
12,-1,8,28
13,-1,15,43
14,-1,16,24
15,-1,14,26
0,-1,0,0
1,-1,-3,-17
2,-1,-4,-34
3,-1,-1,-17
4,-1,-6,-30
5,-1,-7,-13
6,-1,-4,4
7,-1,10,32
8,-1,13,47
9,-1,13,47
10,-1,18,62
11,-1,16,62
12,-1,19,43
13,-1,17,45
0,-1,0,0
1,-1,-1,17
2,-1,0,0
3,-1,1,17
4,-1,12,28
5,-1,13,45
6,-1,4,-4
7,-1,5,45
8,-1,6,32
9,-1,13,45
10,-1,10,-4
11,-1,5,-19
12,-1,8,-4
13,-1,7,13
14,-1,12,28
15,-1,-7,59
16,-1,-4,38
17,-1,1,92
18,-1,0,78
19,-1,-2,80
20,-1,-1,62
21,-1,-3,64
22,-1,-1,62
23,-1,-3,64
0,1,0,0
1,1,-3,-17
2,1,-8,-34
3,1,-3,-17
4,1,-10,-32
5,1,-5,-17
6,1,-2,-34
7,1,-5,-17
8,1,8,-40
9,1,3,-53
10,1,2,-70
11,1,1,-51
12,1,3,-53
13,1,8,-4
14,1,10,-8
15,1,13,7
16,1,16,-14
0,-1,0,0
1,-1,-3,-17
2,-1,-4,-34
3,-1,-3,-17
4,-1,-8,-32
5,-1,-3,-15
6,-1,-3,-15
7,-1,2,-2
8,-1,1,-51
9,-1,3,-17
10,-1,4,-34
11,-1,4,-34
12,-1,7,-53
0,1,0,0
1,1,1,-17
2,1,-4,-32
3,1,-5,-13
4,1,-8,-28
5,1,-11,-43
6,1,-12,-24
7,1,-13,-5
8,1,-16,-56
9,1,-19,-37
10,1,-16,-22
11,1,-17,-5
12,1,-10,4
13,1,-14,8
0,-1,0,0
1,-1,-1,17
2,-1,0,0
3,-1,-1,17
4,-1,-2,0
5,-1,3,17
6,-1,-6,-28
7,-1,-4,-30
8,-1,-2,-32
9,-1,5,-17
10,-1,-4,-64
11,-1,-3,-45
12,-1,-7,-79
13,-1,-4,-28
14,-1,-2,-32
0,1,0,0
1,1,-1,17
2,1,0,0
3,1,-1,17
4,1,0,0
5,1,1,17
6,1,2,0
7,1,-13,-11
8,1,-16,-28
9,1,-17,-11
10,1,-14,2
11,1,-13,19
12,1,-12,0
13,1,-14,2
14,1,-19,-47
15,1,-21,-43
0,-1,0,0
1,-1,3,17
2,-1,8,32
3,-1,9,47
4,-1,12,28
5,-1,13,45
6,-1,14,28
7,-1,13,45
8,-1,16,24
9,-1,5,11
0,-1,0,0
1,-1,1,-17
2,-1,-2,-32
3,-1,-3,-15
4,-1,-2,-32
5,-1,-1,-15
6,-1,0,-32
7,-1,2,2
8,-1,1,-15
9,-1,6,-2
10,-1,9,-23
11,-1,7,-21
12,-1,6,-38
13,-1,5,-19
14,-1,7,-21
15,-1,12,28
16,-1,11,11
17,-1,11,11
18,-1,12,-40
19,-1,9,-54
20,-1,10,-38
21,-1,12,0
22,-1,11,-20
0,-1,0,0
1,-1,-1,17
2,-1,0,0
3,-1,1,17
4,-1,-2,0
5,-1,-4,2
6,-1,-9,-13
7,-1,-8,6
8,-1,-11,-11
9,-1,-12,6
10,-1,-7,19
11,-1,-6,34
12,-1,-7,15
13,-1,-4,66
14,-1,-5,15
15,-1,-3,53
0,1,0,0
1,1,-3,-17
2,1,0,0
3,1,-5,-17
4,1,-8,-34
5,1,-8,-34
6,1,-8,-34
7,1,-15,-51
8,1,4,-8
9,1,7,43
10,1,-2,-6
11,1,-15,-11
12,1,-14,-28
13,1,-21,-43
14,1,-19,-43
15,1,-23,-37
16,1,-26,-56
0,-1,0,0
1,-1,-1,17
2,-1,0,0
3,-1,-1,17
4,-1,-2,0
5,-1,-5,-15
6,-1,-3,-17
7,-1,-2,0
8,-1,-1,-17
9,-1,-6,-32
10,-1,-5,-15
11,-1,-8,4
12,-1,-9,-11
13,-1,-6,4
14,-1,3,11
0,1,0,0
1,1,-3,-17
2,1,8,30
3,1,9,47
4,1,2,32
5,1,-5,21
6,1,-4,2
7,1,-5,19
8,1,-6,2
9,1,-5,19
10,1,-6,2
11,1,-8,4
12,1,-2,2
0,1,0,0
1,1,3,17
2,1,0,0
3,1,9,47
4,1,10,28
5,1,8,28
6,1,5,11
7,1,0,-4
8,1,-5,-19
9,1,-13,-45
0,-1,0,0
1,-1,-1,17
2,-1,0,0
3,-1,1,17
4,-1,-2,0
5,-1,0,0
6,-1,3,13
7,-1,8,28
8,-1,-7,-17
9,-1,4,32
10,-1,-1,17
11,-1,-12,8
12,-1,-11,-9
13,-1,-4,40
14,-1,-4,6
15,-1,-4,6
16,-1,-3,-11
17,-1,2,4
18,-1,1,-13
19,-1,1,-13
20,-1,2,-34
0,-1,0,0
1,-1,-3,-17
2,-1,-8,-34
3,-1,-3,-17
4,-1,-3,-17
5,-1,-8,-34
6,-1,9,9
7,-1,12,60
8,-1,9,11
9,-1,4,-6
10,-1,6,-8
11,-1,7,43
12,-1,4,-6
13,-1,3,9
14,-1,-5,-21
15,-1,-4,-38
16,-1,-1,-23
17,-1,3,-23
18,-1,4,-42
19,-1,4,-8
20,-1,5,-26
21,-1,7,10
22,-1,12,30
23,-1,15,90
24,-1,13,50
25,-1,9,12
0,-1,0,0
1,-1,-1,17
2,-1,0,0
3,-1,1,17
4,-1,0,0
5,-1,-2,0
6,-1,-1,-17
7,-1,-4,0
8,-1,-5,-17
9,-1,-6,0
10,-1,-8,-34
11,-1,-7,-17
12,-1,12,-6
13,-1,14,-4
14,-1,5,-49
15,-1,6,0
16,-1,3,-49
17,-1,5,-51
18,-1,4,-72
19,-1,6,-38
20,-1,8,-40
21,-1,13,12
22,-1,22,64
23,-1,20,66
24,-1,21,10
25,-1,19,-28
26,-1,20,-48
27,-1,10,-40
28,-1,9,-61
29,-1,15,-21
30,-1,16,-44
31,-1,22,-4
32,-1,22,-50
33,-1,25,17
34,-1,26,-6
35,-1,27,19
36,-1,29,17
0,1,0,0
1,1,-1,17
2,1,0,0
3,1,1,17
4,1,-1,17
5,1,6,32
6,1,5,-17
7,1,6,0
8,1,1,-17
9,1,9,13
10,1,2,0
11,1,2,34
12,1,-1,11
13,1,-2,28
14,1,10,26
15,1,11,43
16,1,10,26
17,1,9,43
18,1,9,41
19,1,8,26
20,1,7,-19
21,1,6,0
22,1,5,-51
23,1,2,-64
24,1,4,-66
0,-1,0,0
1,-1,-3,-15
2,-1,-2,-32
3,-1,3,-15
4,-1,2,-32
5,-1,7,-15
6,-1,10,0
7,-1,10,0
8,-1,15,15
9,-1,13,15
10,-1,16,-4
11,-1,15,-23
12,-1,17,-25
13,-1,16,-4
0,-1,0,0
1,-1,-1,17
2,-1,0,0
3,-1,-3,-17
4,-1,-2,-34
5,-1,-3,-17
6,-1,-3,-17
7,-1,-1,17
8,-1,-4,0
9,-1,11,43
10,-1,10,-6
11,-1,3,-17
12,-1,4,0
13,-1,-12,6
14,-1,-11,-11
15,-1,-11,-11
16,-1,-14,-26
17,-1,-15,-7
0,-1,0,0
1,-1,-3,-15
2,-1,-2,-32
3,-1,3,-15
4,-1,10,0
5,-1,8,-2
6,-1,11,13
7,-1,9,13
8,-1,12,-8
9,-1,9,-25
10,-1,10,-44
11,-1,9,-27
12,-1,11,-29
0,1,0,0
1,1,-1,17
2,1,0,0
3,1,-1,17
4,1,0,0
5,1,-11,-11
6,1,-8,-32
7,1,-3,17
8,1,10,26
9,1,10,62
10,1,8,28
11,1,3,15
12,1,2,-2
13,1,3,15
14,1,0,0
15,1,-1,19
16,1,9,9
0,-1,0,0
1,-1,-3,-17
2,-1,-4,-34
3,-1,-1,-17
4,-1,0,-34
5,-1,3,-17
6,-1,-3,-45
7,-1,-2,4
8,-1,-5,-45
9,-1,-2,-28
10,-1,-1,-13
11,-1,2,-30
0,1,0,0
1,1,-1,17
2,1,0,0
3,1,9,47
4,1,2,-2
5,1,3,47
6,1,0,-2
7,1,8,32
8,1,5,-19
9,1,-4,-28
0,-1,0,0
1,-1,-3,-17
2,-1,-4,0
3,-1,-9,-15
4,-1,-12,-30
5,-1,-17,-45
6,-1,-18,-62
7,-1,-7,-15
8,-1,-6,0
9,-1,-8,2
10,-1,-7,-17
11,-1,-7,-15
12,-1,-10,-30
13,-1,-8,-30
14,-1,-5,-13
15,-1,0,0
16,-1,-7,-48
17,-1,3,-16
18,-1,4,-36
19,-1,7,-17
20,-1,9,-19
0,-1,0,0
1,-1,-1,17
2,-1,2,32
3,-1,-3,17
4,-1,-1,17
5,-1,-1,17
6,-1,-4,34
7,-1,1,49
8,-1,-4,32
9,-1,11,77
10,-1,13,75
11,-1,11,77
12,-1,12,58
13,-1,14,56
0,-1,0,0
1,-1,-1,17
2,-1,0,0
3,-1,1,17
4,-1,12,28
5,-1,13,45
6,-1,14,28
7,-1,9,13
8,-1,12,-4
9,-1,12,30
10,-1,21,39
11,-1,19,41
12,-1,17,7
13,-1,14,28
14,-1,7,-21
15,-1,10,-4
16,-1,11,-21
17,-1,0,-32
18,-1,5,-20
19,-1,10,32
20,-1,14,28
21,-1,7,19
22,-1,14,34
0,-1,0,0
1,-1,-3,-17
2,-1,-4,0
3,-1,-1,17
4,-1,-3,-17
5,-1,-6,2
6,-1,-7,-15
7,-1,-1,15
8,-1,0,-2
9,-1,-5,21
10,-1,-8,0
11,-1,-8,0
12,-1,-13,-49
13,-1,-14,-32
14,-1,-15,-49
15,-1,-14,4
16,-1,15,9
17,-1,14,26
0,-1,0,0
1,-1,-3,-17
2,-1,-4,-32
3,-1,-3,17
4,-1,-2,0
5,-1,-1,17
6,-1,0,0
7,-1,4,34
8,-1,3,-15
9,-1,0,2
10,-1,5,19
11,-1,4,4
12,-1,6,2
13,-1,7,19
14,-1,14,36
15,-1,14,36
16,-1,19,49
17,-1,20,34
0,-1,0,0
1,-1,3,17
2,-1,4,0
3,-1,-5,-13
4,-1,-8,-28
5,-1,-11,-43
6,-1,-12,-24
7,-1,-9,25
8,-1,-10,-24
9,-1,-12,-26
10,-1,-13,-41
11,-1,-18,-54
12,-1,-1,-17
13,-1,-2,-34
14,-1,-1,-53
0,1,0,0
1,1,-1,17
2,1,0,0
3,1,1,17
4,1,-2,0
5,1,-1,17
6,1,14,26
7,1,12,26
8,1,15,5
9,1,14,26
10,1,15,9
11,1,14,28
12,1,16,26
13,1,17,43
14,1,19,41
15,1,17,43
16,1,18,24
17,1,16,26
18,1,15,9
19,1,12,32
20,1,12,-6
21,1,10,-4
22,1,18,26
0,1,0,0
1,1,3,17
2,1,0,0
3,1,-3,-17
4,1,-2,-34
5,1,9,13
6,1,6,-2
7,1,3,-17
8,1,5,-19
9,1,4,-36
10,1,5,-19
11,1,2,2
12,1,1,-15
13,1,2,2
14,1,7,15
15,1,5,17
16,1,5,-19
17,1,8,32
18,1,5,49
19,1,-6,4
20,1,-8,-30
21,1,-11,-42
22,1,-16,-64
23,1,-15,-9
24,1,-18,-68
25,1,-23,-87
26,1,-21,-89
27,1,-25,-87
28,1,-28,-108
0,-1,0,0
1,-1,3,17
2,-1,0,0
3,-1,-3,-17
4,-1,-2,-34
5,-1,-3,-17
6,-1,-17,-43
7,-1,-17,-7
8,-1,-20,-58
9,-1,-17,-41
10,-1,-19,-75
11,-1,-8,-64
12,-1,-9,-81
13,-1,-7,-47
14,-1,-6,-64
15,-1,-7,-47
16,-1,-16,-92
17,-1,-13,-79
18,-1,-15,-81
19,-1,-8,-30
0,1,0,0
1,1,3,17
2,1,0,0
3,1,-1,17
4,1,-4,0
5,1,7,45
6,1,8,26
7,1,9,7
8,1,14,20
9,1,13,37
10,1,14,20
11,1,10,26
12,1,5,-21
0,1,0,0
1,1,-3,-17
2,1,-8,-34
3,1,-3,-17
4,1,-3,-17
5,1,-8,-34
6,1,-13,-49
7,1,-20,-66
8,1,-7,-19
9,1,-9,-17
10,1,-16,-32
11,1,-21,-47
12,1,-22,-64
13,1,-25,-45
14,1,-24,-30
0,-1,0,0
1,-1,-3,-17
2,-1,-4,-34
3,-1,-9,-47
4,-1,-8,-64
5,-1,-5,-47
6,-1,-3,-51
7,-1,-2,-34
8,-1,-7,-47
9,-1,-10,-64
10,-1,2,-36
11,-1,0,-34
0,1,0,0
1,1,-3,-17
2,1,8,30
3,1,9,47
4,1,8,-2
5,1,5,-17
6,1,7,-17
7,1,-8,6
8,1,-7,-13
9,1,-6,4
10,1,-7,-13
11,1,-9,-11
0,1,0,0
1,1,-1,17
2,1,-4,2
3,1,-3,-15
4,1,-1,-17
5,1,0,0
6,1,3,15
7,1,2,32
8,1,2,-2
9,1,7,13
10,1,10,-6
11,1,9,-25
12,1,15,-29
13,1,20,22
14,1,20,20
15,1,21,1
16,1,17,5
17,1,10,-6
18,1,9,-27
0,-1,0,0
1,-1,-3,-17
2,-1,-8,-34
3,-1,-13,-51
4,-1,-20,-66
5,-1,-25,-81
6,-1,-22,-64
7,-1,-25,-75
8,-1,-24,-92
9,-1,-25,-75
10,-1,-7,-49
11,-1,-6,2
0,-1,0,0
1,-1,3,17
2,-1,8,34
3,-1,3,17
4,-1,0,2
5,-1,-1,21
6,-1,-6,6
7,-1,-7,25
8,-1,-5,25
9,-1,-10,12
10,-1,-7,-9
11,-1,-13,-7
12,-1,-4,36
13,-1,-11,23
0,1,0,0
1,1,3,17
2,1,0,0
3,1,-5,-17
4,1,0,0
5,1,-3,17
6,1,-10,-30
7,1,-1,19
8,1,6,30
9,1,4,32
10,1,5,15
0,-1,0,0
1,-1,-1,17
2,-1,0,0
3,-1,1,17
4,-1,12,28
5,-1,13,45
6,-1,14,28
7,-1,13,47
8,-1,12,30
9,-1,10,30
10,-1,11,11
11,-1,10,28
12,-1,12,26
13,-1,9,47
14,-1,11,45
15,-1,12,62
16,-1,8,26
0,1,0,0
1,1,3,17
2,1,8,32
3,1,9,47
4,1,12,26
5,1,13,43
6,1,8,26
7,1,-1,49
8,1,4,62
9,1,7,77
10,1,6,28
11,1,9,77
12,1,8,28
13,1,-8,32
14,1,-13,17
15,1,-15,57
16,1,-16,6
17,1,-15,24
18,1,-13,22
19,1,-15,24
20,1,-14,6
0,1,0,0
1,1,-3,-17
2,1,8,30
3,1,9,47
4,1,6,30
5,1,3,13
6,1,2,-36
7,1,4,-2
8,1,5,-19
9,1,7,15
10,1,12,-8
11,1,17,13
12,1,-6,-30
13,1,-3,-13
14,1,-12,-64
15,1,-14,-62
16,1,-11,-84
0,-1,0,0
1,-1,-3,-17
2,-1,-4,-34
3,-1,-1,-17
4,-1,0,-34
5,-1,2,0
6,-1,1,17
7,-1,-1,17
8,-1,-4,0
9,-1,-3,17
10,-1,-2,0
11,-1,-4,2
12,-1,17,5
13,-1,20,22
14,-1,20,-12
15,-1,22,22
16,-1,15,-27
17,-1,12,-40
18,-1,14,-42
19,-1,14,-40
20,-1,16,-42
21,-1,23,7
22,-1,23,5
23,-1,24,-10
24,-1,-4,4
25,-1,1,22
26,-1,4,4
27,-1,5,-13
28,-1,-1,-49
29,-1,5,-11
0,1,0,0
1,1,-1,17
2,1,2,32
3,1,-3,17
4,1,-1,17
5,1,-4,2
6,1,-4,2
7,1,-7,21
8,1,-5,21
9,1,-6,40
10,1,-7,-11
11,1,-9,-9
0,1,0,0
1,1,3,17
2,1,0,0
3,1,-1,17
4,1,-4,0
5,1,-9,-15
6,1,-7,-15
7,1,-10,6
8,1,-15,-11
9,1,-20,-24
10,1,-23,-7
11,1,-24,10
12,1,-31,-7
13,1,-33,-3
0,-1,0,0
1,-1,3,17
2,-1,8,32
3,-1,9,47
4,-1,8,-2
5,-1,7,15
6,-1,-2,-34
7,-1,-1,15
8,-1,4,32
9,-1,4,32
10,-1,7,15
11,-1,4,32
12,-1,4,34
13,-1,-1,17
14,-1,-16,-30
15,-1,-9,-15
16,-1,-14,-28
17,-1,-12,6
18,-1,-14,-28
19,-1,-13,22
20,-1,-15,-14
21,-1,-16,-32
22,-1,-21,-51
23,-1,-20,-32
24,-1,-17,-15
25,-1,0,34
26,-1,-2,-6
27,-1,-4,-4
28,-1,-2,-6
29,-1,4,30
30,-1,3,-31
31,-1,1,-31
32,-1,0,-52
33,-1,1,-30
34,-1,4,-56
35,-1,13,7
0,1,0,0
1,1,-1,17
2,1,2,32
3,1,-3,17
4,1,-1,17
5,1,-4,36
6,1,-7,-15
7,1,-6,4
8,1,-7,-13
9,1,-9,-11
10,1,-8,-28
0,-1,0,0
1,-1,-1,17
2,-1,0,0
3,-1,-1,17
4,-1,-12,-30
5,-1,-3,19
6,-1,-5,-15
7,-1,4,32
8,-1,3,11
9,-1,2,28
10,-1,13,5
11,-1,21,33
12,-1,22,16
0,-1,0,0
1,-1,-1,17
2,-1,0,0
3,-1,-1,17
4,-1,-12,-30
5,-1,-7,-13
6,-1,-6,-30
7,-1,-10,-26
8,-1,-11,-43
9,-1,-19,-75
10,-1,-12,-64
11,-1,-17,-43
0,-1,0,0
1,-1,-3,-15
2,-1,-2,-32
3,-1,1,-15
4,-1,-8,-62
5,-1,-7,-13
6,-1,-8,-62
7,-1,1,-13
8,-1,3,-17
9,-1,10,-4
0,-1,0,0
1,-1,-3,-17
2,-1,0,0
3,-1,-9,-45
4,-1,-8,-62
5,-1,-8,-28
6,-1,-9,-45
7,-1,-6,-28
8,-1,3,-53
9,-1,0,-32
10,-1,-1,-49
11,-1,-1,-51
12,-1,1,-53
13,-1,1,-53
0,1,0,0
1,1,-1,17
2,1,0,0
3,1,-1,17
4,1,8,28
5,1,11,45
6,1,14,58
7,1,15,75
8,1,12,62
9,1,23,107
10,1,21,107
11,1,19,111
12,1,16,94
0,1,0,0
1,1,-1,17
2,1,2,32
3,1,4,32
4,1,9,47
5,1,6,32
6,1,7,15
7,1,6,32
8,1,8,30
9,1,3,17
10,1,1,-17
11,1,2,32
12,1,2,32
0,-1,0,0
1,-1,-3,-15
2,-1,-2,-32
3,-1,-3,-15
4,-1,-10,-64
5,-1,-9,-15
6,-1,8,-6
7,-1,9,45
8,-1,9,11
9,-1,10,28
10,-1,1,-17
11,-1,3,17
12,-1,8,30
13,-1,2,32
14,-1,3,13
15,-1,1,15
16,-1,3,13
17,-1,2,30
0,-1,0,0
1,-1,-1,17
2,-1,0,0
3,-1,1,17
4,-1,0,0
5,-1,1,17
6,-1,-1,-17
7,-1,-8,-30
8,-1,2,-38
9,-1,3,13
10,-1,4,-4
11,-1,-7,-13
12,-1,-5,-15
13,-1,-8,6
0,-1,0,0
1,-1,-1,17
2,-1,0,0
3,-1,9,47
4,-1,12,28
5,-1,13,45
6,-1,14,28
7,-1,9,15
8,-1,8,-2
9,-1,9,47
10,-1,12,26
11,-1,10,28
12,-1,11,7
13,-1,10,28
14,-1,12,26
15,-1,11,43
0,-1,0,0
1,-1,3,17
2,-1,4,0
3,-1,5,17
4,-1,6,0
5,-1,7,17
6,-1,6,0
7,-1,8,34
8,-1,-1,-13
9,-1,1,19
10,-1,0,0
11,-1,7,49
12,-1,4,32
13,-1,-3,19
14,-1,-6,2
15,-1,0,2
16,-1,6,-2
17,-1,13,13
18,-1,14,-6
19,-1,12,-4
20,-1,14,-6
21,-1,19,10
22,-1,18,-10
23,-1,14,-10
24,-1,16,-12
25,-1,14,-10
0,-1,0,0
1,-1,-1,17
2,-1,0,0
3,-1,9,47
4,-1,12,30
5,-1,13,47
6,-1,4,-2
7,-1,6,30
8,-1,-3,-17
9,-1,0,32
10,-1,-3,-17
11,-1,-2,32
12,-1,4,-2
13,-1,7,-17
14,-1,9,-19
15,-1,8,-2
0,-1,0,0
1,-1,-1,17
2,-1,0,0
3,-1,-5,-15
4,-1,-2,0
5,-1,1,15
6,-1,2,-2
7,-1,-4,-30
8,-1,-7,-45
9,-1,-10,-24
10,-1,-8,-26
11,-1,-7,-9
12,-1,-5,-11
0,1,0,0
1,1,-1,17
2,1,0,0
3,1,5,17
4,1,4,0
5,1,-4,2
6,1,-9,-13
7,1,-8,6
8,1,-11,-11
9,1,-14,10
10,1,-14,10
11,1,-13,27
0,-1,0,0
1,-1,-1,17
2,-1,0,0
3,-1,3,15
4,-1,4,-2
5,-1,5,15
6,-1,5,15
7,-1,1,19
8,-1,0,-2
9,-1,9,47
10,-1,16,60
11,-1,14,62
12,-1,16,24
13,-1,23,41
14,-1,30,56
15,-1,28,56
16,-1,30,20
17,-1,33,37
18,-1,32,18
0,-1,0,0
1,-1,-1,17
2,-1,0,0
3,-1,1,17
4,-1,-2,0
5,-1,-1,17
6,-1,14,26
7,-1,12,26
8,-1,16,22
9,-1,15,43
10,-1,14,26
11,-1,15,43
12,-1,17,41
13,-1,16,60
14,-1,18,58
15,-1,16,60
16,-1,19,39
17,-1,14,26
18,-1,18,22
19,-1,17,39
0,-1,0,0
1,-1,-1,17
2,-1,0,0
3,-1,-5,-13
4,-1,-6,-30
5,-1,-5,19
6,-1,-4,0
7,-1,-5,17
8,-1,-6,0
9,-1,-9,21
10,-1,-15,-9
11,-1,-15,27
12,-1,-20,-24
13,-1,-25,-3
14,-1,-20,10
15,-1,-22,12
16,-1,-19,-9
17,-1,-18,-26
18,-1,-16,-28
19,-1,-17,-10
20,-1,-15,-10
21,-1,-8,8
22,-1,-3,23
23,-1,-5,25
24,-1,-5,23
0,1,0,0
1,1,-3,-17
2,1,-8,-34
3,1,-13,-49
4,1,-4,0
5,1,-5,19
6,1,-4,2
7,1,-9,-13
8,1,-10,-64
9,1,-15,-77
10,1,-14,-62
0,1,0,0
1,1,-1,17
2,1,0,0
3,1,3,15
4,1,2,-2
5,1,3,15
6,1,4,-2
7,1,2,0
8,1,1,-49
9,1,-8,-28
10,1,-6,-28
11,1,-7,-11
12,1,-10,-28
13,1,-12,-24
0,1,0,0
1,1,-1,17
2,1,0,0
3,1,1,17
4,1,-2,0
5,1,-1,17
6,1,11,45
7,1,12,62
8,1,11,13
9,1,11,13
10,1,12,-4
11,1,-11,-11
12,1,-9,-11
13,1,-8,6
0,1,0,0
1,1,-3,-15
2,1,-2,-32
3,1,-3,-15
4,1,-2,-32
5,1,1,17
6,1,2,-2
7,1,-5,-15
8,1,-5,-15
9,1,-16,-24
10,1,-5,19
11,1,-4,36
12,1,1,49
13,1,-1,51
0,-1,0,0
1,-1,-1,17
2,-1,0,0
3,-1,9,47
4,-1,12,28
5,-1,13,45
6,-1,14,26
7,-1,17,47
8,-1,14,26
9,-1,11,13
10,-1,8,-4
11,-1,10,30
12,-1,9,13
13,-1,18,62
14,-1,-3,19
15,-1,18,54
16,-1,17,6
17,-1,8,-40
18,-1,10,-42
19,-1,13,13
20,-1,18,32
21,-1,13,56
22,-1,22,28
0,-1,0,0
1,-1,3,17
2,-1,8,32
3,-1,9,47
4,-1,12,28
5,-1,13,45
6,-1,14,26
7,-1,17,47
8,-1,18,30
9,-1,18,30
10,-1,19,9
0,-1,0,0
1,-1,-1,17
2,-1,0,0
3,-1,-1,17
4,-1,-2,0
5,-1,-3,17
6,-1,-5,-17
7,-1,-6,0
8,-1,3,-21
9,-1,-6,6
10,-1,-3,-15
11,-1,-2,2
12,-1,0,0
0,1,0,0
1,1,-1,17
2,1,0,0
3,1,-1,17
4,1,-2,0
5,1,3,17
6,1,1,-17
7,1,6,-4
8,1,-9,-13
9,1,-16,-24
10,1,-15,-41
11,1,-17,-39
12,1,-18,-58
0,-1,0,0
1,-1,-1,17
2,-1,0,0
3,-1,-1,17
4,-1,0,0
5,-1,-1,17
6,-1,14,24
7,-1,19,41
8,-1,18,-8
9,-1,15,-21
10,-1,17,-23
11,-1,16,-4
12,-1,18,-6
13,-1,23,43
14,-1,26,24
0,1,0,0
1,1,-1,17
2,1,0,0
3,1,-3,17
4,1,-2,0
5,1,9,49
6,1,10,0
7,1,11,17
8,1,7,17
9,1,-12,8
10,1,-10,6
11,1,-12,8
12,1,-13,-43
0,1,0,0
1,1,-3,-17
2,1,4,32
3,1,5,15
4,1,10,32
5,1,9,-17
6,1,8,-36
7,1,7,-19
8,1,10,30
9,1,12,30
10,1,16,28
11,1,23,45
12,1,32,62
13,1,10,36
14,1,14,32
15,1,17,52
16,1,22,66
17,1,20,34
18,1,15,18
0,1,0,0
1,1,-1,17
2,1,0,0
3,1,9,47
4,1,2,-2
5,1,3,47
6,1,4,28
7,1,5,45
8,1,8,24
9,1,3,11
10,1,2,-6
11,1,0,-2
12,1,2,-4
13,1,-1,17
0,1,0,0
1,1,-1,17
2,1,0,0
3,1,-1,17
4,1,0,0
5,1,-1,17
6,1,10,26
7,1,13,43
8,1,14,28
9,1,15,45
10,1,17,43
11,1,16,60
12,1,13,11
13,1,10,-4
14,1,20,-8
15,1,3,-49
16,1,4,-68
0,-1,0,0
1,-1,3,17
2,-1,0,0
3,-1,1,17
4,-1,0,0
5,-1,-3,21
6,-1,-4,-30
7,-1,-5,-13
8,-1,-4,-30
9,-1,-9,-45
10,-1,-6,-30
11,-1,-7,-13
12,-1,-6,2
13,-1,-8,2
14,-1,-9,-17
15,-1,-2,30
16,-1,5,43
17,-1,3,45
18,-1,8,26
19,-1,5,12
20,-1,-3,-24
21,-1,-4,-6
22,-1,0,-6
23,-1,1,14
24,-1,0,-6
25,-1,1,16
26,-1,-2,-6
27,-1,-2,-6
28,-1,0,-8
29,-1,5,14
30,-1,13,12
31,-1,11,12
32,-1,7,-38
0,-1,0,0
1,-1,-1,17
2,-1,0,0
3,-1,5,17
4,-1,-6,-30
5,-1,-1,19
6,-1,-2,-30
7,-1,1,19
8,-1,2,2
9,-1,5,51
10,-1,8,30
11,-1,-1,53
12,-1,13,13
0,-1,0,0
1,-1,3,17
2,-1,-4,-32
3,-1,-5,-13
4,-1,-6,-30
5,-1,-5,-13
6,-1,-10,-28
7,-1,-11,-13
8,-1,-13,-47
9,-1,-13,-13
10,-1,-16,-64
11,-1,-16,-30
12,-1,-19,-47
13,-1,-14,6
14,-1,-12,4
15,-1,-14,6
0,-1,0,0
1,-1,-3,-17
2,-1,-4,-34
3,-1,-3,-17
4,-1,-6,-32
5,-1,-7,-15
6,-1,-5,-17
7,-1,0,32
8,-1,3,13
9,-1,11,45
10,-1,8,28
11,-1,5,11
12,-1,0,-4
13,-1,2,30
14,-1,1,11
15,-1,-2,-4
16,-1,-5,-55
17,-1,-6,-38
18,-1,-4,-42
0,-1,0,0
1,-1,-3,-17
2,-1,-4,-34
3,-1,-9,-47
4,-1,-8,-64
5,-1,-2,-32
6,-1,-5,-47
7,-1,-4,-30
8,-1,-9,-45
9,-1,-9,-47
10,-1,-10,-64
11,-1,-13,-47
12,-1,-11,-49
13,-1,-12,-32
0,-1,0,0
1,-1,-3,-15
2,-1,-2,-32
3,-1,-4,-32
4,-1,-5,-15
5,-1,-10,-30
6,-1,-1,17
7,-1,1,49
8,-1,0,0
9,-1,-7,-13
10,-1,-4,4
11,-1,-6,-30
12,-1,-3,-47
13,-1,-3,-47
14,-1,4,-30
15,-1,-16,-20
0,1,0,0
1,1,-3,-17
2,1,-8,-34
3,1,-3,-17
4,1,6,28
5,1,5,45
6,1,6,28
7,1,6,28
8,1,8,28
9,1,9,45
10,1,16,58
11,1,14,60
12,1,13,43
13,1,13,45
14,1,14,28
15,1,8,-2
16,1,7,15
17,1,2,0
18,1,4,-2
19,1,2,0
20,1,3,-17
0,-1,0,0
1,-1,-3,-15
2,-1,-2,-32
3,-1,-3,-15
4,-1,-4,-32
5,-1,1,-15
6,-1,2,-32
7,-1,5,17
8,-1,6,-2
9,-1,9,15
10,-1,3,-19
11,-1,9,9
12,-1,12,24
13,-1,10,26
14,-1,11,7
15,-1,14,22
16,-1,17,40
0,1,0,0
1,1,-3,-17
2,1,-8,-34
3,1,-13,-49
4,1,-8,-32
5,1,1,15
6,1,0,-34
7,1,1,15
8,1,4,-2
9,1,17,47
10,1,14,32
11,1,13,17
12,1,13,17
13,1,12,36
14,1,13,19
15,1,12,2
16,1,14,0
17,1,10,36
18,1,9,54
19,1,8,42
0,1,0,0
1,1,-3,-17
2,1,-8,-34
3,1,-3,-17
4,1,-2,-34
5,1,9,13
6,1,8,-36
7,1,10,-2
8,1,7,-19
9,1,18,24
10,1,18,-12
11,1,25,37
12,1,16,-12
13,1,-2,2
14,1,-3,-49
15,1,-2,-32
16,1,-7,-49
17,1,-11,-45
0,-1,0,0
1,-1,-1,17
2,-1,0,0
3,-1,-1,17
4,-1,-2,0
5,-1,-5,17
6,-1,-6,0
7,-1,-7,17
8,-1,-10,0
9,-1,-13,17
10,-1,-30,-28
11,-1,-21,17
12,-1,7,11
0,-1,0,0
1,-1,-3,-17
2,-1,0,0
3,-1,13,47
4,-1,12,-2
5,-1,15,47
6,-1,12,-2
7,-1,17,15
8,-1,18,-2
9,-1,21,15
10,-1,30,28
0,-1,0,0
1,-1,-3,-17
2,-1,-8,-34
3,-1,1,15
4,-1,0,-34
5,-1,2,0
6,-1,3,-17
7,-1,14,30
8,-1,9,15
9,-1,12,30
10,-1,19,47
11,-1,7,19
12,-1,3,-17
13,-1,4,34
14,-1,9,51
15,-1,-1,55
0,1,0,0
1,1,-3,-17
2,1,-8,-34
3,1,-3,-17
4,1,-3,-17
5,1,-8,-34
6,1,-13,-49
7,1,-2,-2
8,1,-8,-34
9,1,-7,-51
10,1,-2,-38
11,1,1,13
12,1,-1,-21
13,1,-4,-38
0,1,0,0
1,1,-1,17
2,1,0,0
3,1,-5,-13
4,1,-8,-28
5,1,-5,21
6,1,-6,-28
7,1,-4,6
8,1,-7,-43
9,1,-4,-26
10,1,-3,-43
11,1,-4,-26
12,1,-7,-45
13,1,-6,-26
14,1,-2,-34
15,1,-5,-13
0,-1,0,0
1,-1,3,17
2,-1,-4,-32
3,-1,-3,17
4,-1,-2,0
5,-1,-2,0
6,-1,3,17
7,-1,2,2
8,-1,-3,-13
9,-1,-4,4
10,-1,-7,-13
11,-1,-15,-41
12,-1,-16,-58
13,-1,-16,-24
14,-1,-13,-7
0,-1,0,0
1,-1,3,17
2,-1,8,32
3,-1,9,47
4,-1,12,28
5,-1,11,9
6,-1,16,24
7,-1,17,39
8,-1,20,20
9,-1,19,1
10,-1,30,46
11,-1,27,31
12,-1,24,46
13,-1,24,46
0,-1,0,0
1,-1,3,17
2,-1,-4,-32
3,-1,-5,-13
4,-1,-8,-28
5,-1,-5,21
6,-1,-8,-28
7,-1,-5,-13
8,-1,-7,-47
9,-1,-4,2
10,-1,-5,-47
11,-1,1,-17
12,-1,-12,-30
13,-1,-15,-13
14,-1,-14,-30
15,-1,-13,-13
16,-1,-11,-13
0,-1,0,0
1,-1,-3,-17
2,-1,0,0
3,-1,5,17
4,-1,0,0
5,-1,5,17
6,-1,8,0
7,-1,5,17
8,-1,22,26
9,-1,24,60
10,-1,26,22
11,-1,25,39
12,-1,32,52
13,-1,30,54
14,-1,28,20
15,-1,1,17
16,-1,-4,-32
17,-1,-1,-47
0,-1,0,0
1,-1,-1,17
2,-1,0,0
3,-1,9,47
4,-1,12,28
5,-1,13,45
6,-1,14,28
7,-1,13,47
8,-1,12,30
9,-1,10,30
10,-1,11,11
11,-1,10,28
12,-1,11,11
13,-1,18,28
14,-1,20,26
15,-1,15,13
16,-1,17,11
17,-1,22,60
18,-1,24,58
19,-1,25,82
0,-1,0,0
1,-1,-3,-17
2,-1,-8,-34
3,-1,-3,-17
4,-1,-2,-34
5,-1,7,13
6,-1,6,30
7,-1,3,47
8,-1,4,30
9,-1,5,47
10,-1,3,13
11,-1,-4,0
12,-1,-3,-17
13,-1,-1,17
14,-1,2,0
15,-1,0,-32
16,-1,-5,-49
17,-1,-2,-36
18,-1,-1,-51
19,-1,-2,-70
20,-1,0,-68
21,-1,0,-32
22,-1,0,-40
23,-1,3,-24
24,-1,3,-26
25,-1,2,-46
26,-1,3,-30
27,-1,-7,18
28,-1,-5,16
0,-1,0,0
1,-1,-1,17
2,-1,0,0
3,-1,-3,-17
4,-1,-2,-34
5,-1,0,0
6,-1,-5,-13
7,-1,-12,-26
8,-1,-10,-28
9,-1,-9,21
10,-1,-11,-13
11,-1,10,28
12,-1,1,-17
13,-1,-4,-30
14,-1,-2,-32
15,-1,0,2
16,-1,1,-15
17,-1,6,-2
18,-1,5,-51
19,-1,7,-17
20,-1,8,-34
21,-1,11,-18
22,-1,12,-36
23,-1,17,-18
24,-1,16,-74
0,1,0,0
1,1,3,17
2,1,8,30
3,1,9,47
4,1,2,32
5,1,-3,17
6,1,-1,17
7,1,-4,36
8,1,-5,21
9,1,-7,23
10,1,-8,6
0,-1,0,0
1,-1,-3,-15
2,-1,-2,-32
3,-1,-3,-15
4,-1,-2,-32
5,-1,1,-15
6,-1,6,0
7,-1,4,-2
8,-1,7,-21
9,-1,12,30
10,-1,13,13
11,-1,16,-2
12,-1,15,-19
13,-1,14,-2
0,-1,0,0
1,-1,-3,-17
2,-1,-4,-34
3,-1,-7,-49
4,-1,-8,-64
5,-1,-5,-47
6,-1,-4,-32
7,-1,-6,-32
8,-1,-5,-51
0,1,0,0
1,1,3,17
2,1,8,30
3,1,9,47
4,1,11,47
5,1,8,30
6,1,8,30
7,1,3,13
8,1,2,-36
9,1,1,-19
10,1,-2,-36
11,1,-2,-36
12,1,8,-40
13,1,11,11
14,1,11,7
15,1,6,-10
16,1,1,-25
0,-1,0,0
1,-1,1,-17
2,-1,0,0
3,-1,-1,17
4,-1,10,28
5,-1,8,28
6,-1,5,-21
7,-1,6,28
8,-1,4,-6
9,-1,1,11
10,-1,-4,-38
11,-1,-2,-4
12,-1,7,-23
13,-1,-4,6
14,-1,1,-15
15,-1,2,2
16,-1,5,13
17,-1,16,20
18,-1,18,18
19,-1,7,12
0,-1,0,0
1,-1,-1,17
2,-1,0,0
3,-1,-5,-13
4,-1,-8,-28
5,-1,-5,21
6,-1,-8,-28
7,-1,3,17
8,-1,0,-32
9,-1,1,-15
10,-1,-8,-62
11,-1,-5,-13
12,-1,-6,2
13,-1,5,49
14,-1,4,0
15,-1,7,52
16,-1,-4,4
17,-1,-3,62
18,-1,-5,22
19,-1,5,56
20,-1,5,16
21,-1,14,74
22,-1,11,14
23,-1,14,82
24,-1,14,34
25,-1,8,82
26,-1,28,30
27,-1,30,76
28,-1,29,56
29,-1,34,80
30,-1,26,32
31,-1,20,34
32,-1,22,30
33,-1,28,80
0,-1,0,0
1,-1,3,17
2,-1,8,32
3,-1,9,47
4,-1,12,28
5,-1,11,9
6,-1,16,24
7,-1,17,39
8,-1,20,20
9,-1,19,1
10,-1,30,46
11,-1,27,31
12,-1,24,46
13,-1,35,25
0,1,0,0
1,1,-3,-17
2,1,8,30
3,1,9,47
4,1,0,-2
5,1,1,47
6,1,1,13
7,1,0,30
8,1,-5,15
9,1,-12,2
10,1,-9,15
11,1,-10,66
12,1,-12,32
13,1,-15,49
14,1,-17,15
15,1,-28,-30
16,1,-7,-15
0,-1,0,0
1,-1,-3,-17
2,-1,-4,-34
3,-1,-3,-17
4,-1,-2,-34
5,-1,7,13
6,-1,8,-36
7,-1,14,-6
8,-1,15,-23
9,-1,12,-4
10,-1,14,-8
11,-1,13,-27
0,1,0,0
1,1,-1,17
2,1,0,0
3,1,-1,17
4,1,2,34
5,1,-3,17
6,1,-12,-30
7,1,-12,-32
8,1,-9,-17
9,1,-8,34
10,1,15,43
11,1,13,45
12,1,14,26
13,1,12,28
14,1,14,28
15,1,9,15
16,1,8,-2
0,-1,0,0
1,-1,3,17
2,-1,8,34
3,-1,13,51
4,-1,8,34
5,-1,15,49
6,-1,15,47
7,-1,12,30
8,-1,15,13
9,-1,28,62
10,-1,23,47
11,-1,24,32
0,-1,0,0
1,-1,3,17
2,-1,8,32
3,-1,9,47
4,-1,12,28
5,-1,11,9
6,-1,16,24
7,-1,19,75
8,-1,6,30
9,-1,-3,-15
10,-1,-2,-34
11,-1,-1,17
12,-1,-1,-19
13,-1,2,32
14,-1,4,30
0,1,0,0
1,1,-3,-17
2,1,-8,-34
3,1,-13,-51
4,1,-20,-68
5,1,-15,-51
6,1,-18,-34
7,1,-19,-17
8,1,-22,-34
9,1,-21,-83
10,1,-36,-94
11,1,-35,-77
12,1,-36,-100
13,1,-40,-96
14,1,-38,-64
0,-1,0,0
1,-1,-1,17
2,-1,0,0
3,-1,9,47
4,-1,12,28
5,-1,13,45
6,-1,14,-4
7,-1,17,45
8,-1,20,24
9,-1,22,22
10,-1,23,5
11,-1,12,-10
12,-1,14,-12
13,-1,3,-19
0,1,0,0
1,1,-1,17
2,1,0,0
3,1,-1,17
4,1,12,26
5,1,13,43
6,1,4,-6
7,1,-1,-21
8,1,1,-21
9,1,-2,-36
10,1,0,-36
11,1,-1,-17
12,1,-11,-7
13,1,-10,-24
0,-1,0,0
1,-1,-3,-17
2,-1,-4,-34
3,-1,-9,-47
4,-1,-8,-64
5,-1,-5,-47
6,-1,-5,-49
7,-1,-6,-32
8,-1,-7,-49
9,-1,0,-34
10,-1,0,-34
11,-1,-3,-17
12,-1,-2,-34
13,-1,-2,-34
14,-1,3,-15
15,-1,-4,-30
0,1,0,0
1,1,-3,-17
2,1,0,0
3,1,-5,-17
4,1,0,0
5,1,15,47
6,1,6,-2
7,1,-4,2
8,1,-2,2
9,1,1,17
10,1,1,17
11,1,-6,42
12,1,1,53
0,1,0,0
1,1,-1,17
2,1,0,0
3,1,-1,17
4,1,12,26
5,1,13,43
6,1,15,43
7,1,14,60
8,1,13,43
9,1,12,28
10,1,11,13
11,1,10,32
12,1,9,15
13,1,6,36
14,1,8,34
15,1,6,36
16,1,5,20
0,1,0,0
1,1,-1,17
2,1,0,0
3,1,-1,17
4,1,-12,-30
5,1,-7,-15
6,1,-16,-64
7,1,-11,-49
8,1,-10,-34
9,1,-6,2
10,1,-7,-49
11,1,-12,-64
12,1,-14,-96
13,1,-19,-79
14,1,-30,-98
15,1,-30,-96
16,1,-29,-78
0,1,0,0
1,1,3,17
2,1,8,32
3,1,9,47
4,1,12,26
5,1,13,43
6,1,4,-4
7,1,5,45
8,1,3,11
9,1,6,32
10,1,11,11
11,1,6,-2
12,1,-1,-17
0,1,0,0
1,1,-3,-17
2,1,0,0
3,1,-5,-17
4,1,0,0
5,1,-5,-17
6,1,-12,-34
7,1,-6,-2
8,1,-7,-21
9,1,-5,13
10,1,-6,-6
11,1,-11,-19
12,1,-12,-36
13,1,-17,-49
14,1,-15,-51
15,1,-16,-32
16,1,-14,-34
17,1,-9,15
18,1,-6,-6
19,1,-8,-4
20,1,-5,12
21,1,-7,14
22,1,-5,12
23,1,-7,14
24,1,-8,-4
25,1,-6,34
26,1,-5,14
27,1,-7,16
28,1,-5,14
29,1,-7,16
0,1,0,0
1,1,-1,17
2,1,0,0
3,1,-1,17
4,1,-12,-30
5,1,-11,19
6,1,4,30
7,1,7,45
8,1,4,-4
9,1,-1,-17
10,1,1,-17
11,1,-2,-32
12,1,-4,-30
13,1,-4,-30
14,1,-5,-47
15,1,-8,-26
16,1,-13,-43
0,-1,0,0
1,-1,-3,-17
2,-1,0,0
3,-1,-9,-47
4,-1,-10,-64
5,-1,-5,-49
6,-1,-4,-34
7,-1,-4,-34
8,-1,-3,-51
9,-1,-3,-51
10,-1,-1,-53
11,-1,-17,-79
0,-1,0,0
1,-1,-3,-17
2,-1,-4,-34
3,-1,-7,-49
4,-1,-8,-64
5,-1,-10,-64
6,-1,-15,-77
7,-1,-6,-30
8,-1,-7,-79
9,-1,-5,-79
10,-1,-3,-83
11,-1,-2,-32
0,1,0,0
1,1,-3,-17
2,1,0,0
3,1,9,47
4,1,8,30
5,1,5,13
6,1,8,28
7,1,14,62
8,1,14,62
9,1,13,47
10,1,14,-4
11,1,11,-19
12,1,18,-4
0,1,0,0
1,1,-1,17
2,1,-4,0
3,1,-5,17
4,1,-6,0
5,1,-10,2
6,1,3,-21
7,1,2,-2
8,1,3,-19
9,1,2,-2
10,1,7,13
11,1,5,13
12,1,4,-4
13,1,5,13
14,1,8,28
15,1,7,43
16,1,10,22
17,1,10,58
18,1,11,41
19,1,-9,23
0,1,0,0
1,1,-3,-17
2,1,8,30
3,1,9,47
4,1,4,30
5,1,5,47
6,1,-2,-2
7,1,-1,47
8,1,-4,-2
9,1,-10,2
10,1,-13,-15
11,1,-11,-13
12,1,-22,-60
